seq,value,ts_ms,ts_iso,ts_type,source
1,20,1767225600000,2026-01-01T00:00:00Z,SYNTHETIC_IMPORT,SAMPLE
2,18,1767225645000,2026-01-01T00:00:45Z,SYNTHETIC_IMPORT,SAMPLE
3,8,1767225690000,2026-01-01T00:01:30Z,SYNTHETIC_IMPORT,SAMPLE
4,14,1767225735000,2026-01-01T00:02:15Z,SYNTHETIC_IMPORT,SAMPLE
5,8,1767225780000,2026-01-01T00:03:00Z,SYNTHETIC_IMPORT,SAMPLE
6,12,1767225825000,2026-01-01T00:03:45Z,SYNTHETIC_IMPORT,SAMPLE
7,6,1767225870000,2026-01-01T00:04:30Z,SYNTHETIC_IMPORT,SAMPLE
8,8,1767225915000,2026-01-01T00:05:15Z,SYNTHETIC_IMPORT,SAMPLE
9,24,1767225960000,2026-01-01T00:06:00Z,SYNTHETIC_IMPORT,SAMPLE
10,5,1767226005000,2026-01-01T00:06:45Z,SYNTHETIC_IMPORT,SAMPLE
11,8,1767226050000,2026-01-01T00:07:30Z,SYNTHETIC_IMPORT,SAMPLE
12,19,1767226095000,2026-01-01T00:08:15Z,SYNTHETIC_IMPORT,SAMPLE
13,31,1767226140000,2026-01-01T00:09:00Z,SYNTHETIC_IMPORT,SAMPLE
14,20,1767226185000,2026-01-01T00:09:45Z,SYNTHETIC_IMPORT,SAMPLE
15,17,1767226230000,2026-01-01T00:10:30Z,SYNTHETIC_IMPORT,SAMPLE
16,13,1767226275000,2026-01-01T00:11:15Z,SYNTHETIC_IMPORT,SAMPLE
17,9,1767226320000,2026-01-01T00:12:00Z,SYNTHETIC_IMPORT,SAMPLE
18,32,1767226365000,2026-01-01T00:12:45Z,SYNTHETIC_IMPORT,SAMPLE
19,2,1767226410000,2026-01-01T00:13:30Z,SYNTHETIC_IMPORT,SAMPLE
20,32,1767226455000,2026-01-01T00:14:15Z,SYNTHETIC_IMPORT,SAMPLE
21,14,1767226500000,2026-01-01T00:15:00Z,SYNTHETIC_IMPORT,SAMPLE
22,36,1767226545000,2026-01-01T00:15:45Z,SYNTHETIC_IMPORT,SAMPLE
23,9,1767226590000,2026-01-01T00:16:30Z,SYNTHETIC_IMPORT,SAMPLE
24,17,1767226635000,2026-01-01T00:17:15Z,SYNTHETIC_IMPORT,SAMPLE
25,34,1767226680000,2026-01-01T00:18:00Z,SYNTHETIC_IMPORT,SAMPLE
26,20,1767226725000,2026-01-01T00:18:45Z,SYNTHETIC_IMPORT,SAMPLE
27,8,1767226770000,2026-01-01T00:19:30Z,SYNTHETIC_IMPORT,SAMPLE
28,23,1767226815000,2026-01-01T00:20:15Z,SYNTHETIC_IMPORT,SAMPLE
29,10,1767226860000,2026-01-01T00:21:00Z,SYNTHETIC_IMPORT,SAMPLE
30,27,1767226905000,2026-01-01T00:21:45Z,SYNTHETIC_IMPORT,SAMPLE
31,14,1767226950000,2026-01-01T00:22:30Z,SYNTHETIC_IMPORT,SAMPLE
32,31,1767226995000,2026-01-01T00:23:15Z,SYNTHETIC_IMPORT,SAMPLE
33,3,1767227040000,2026-01-01T00:24:00Z,SYNTHETIC_IMPORT,SAMPLE
34,20,1767227085000,2026-01-01T00:24:45Z,SYNTHETIC_IMPORT,SAMPLE
35,2,1767227130000,2026-01-01T00:25:30Z,SYNTHETIC_IMPORT,SAMPLE
36,28,1767227175000,2026-01-01T00:26:15Z,SYNTHETIC_IMPORT,SAMPLE
37,6,1767227220000,2026-01-01T00:27:00Z,SYNTHETIC_IMPORT,SAMPLE
38,5,1767227265000,2026-01-01T00:27:45Z,SYNTHETIC_IMPORT,SAMPLE
39,17,1767227310000,2026-01-01T00:28:30Z,SYNTHETIC_IMPORT,SAMPLE
40,25,1767227355000,2026-01-01T00:29:15Z,SYNTHETIC_IMPORT,SAMPLE
41,7,1767227400000,2026-01-01T00:30:00Z,SYNTHETIC_IMPORT,SAMPLE
42,17,1767227445000,2026-01-01T00:30:45Z,SYNTHETIC_IMPORT,SAMPLE
43,34,1767227490000,2026-01-01T00:31:30Z,SYNTHETIC_IMPORT,SAMPLE
44,5,1767227535000,2026-01-01T00:32:15Z,SYNTHETIC_IMPORT,SAMPLE
45,6,1767227580000,2026-01-01T00:33:00Z,SYNTHETIC_IMPORT,SAMPLE
46,15,1767227625000,2026-01-01T00:33:45Z,SYNTHETIC_IMPORT,SAMPLE
47,24,1767227670000,2026-01-01T00:34:30Z,SYNTHETIC_IMPORT,SAMPLE
48,22,1767227715000,2026-01-01T00:35:15Z,SYNTHETIC_IMPORT,SAMPLE
49,36,1767227760000,2026-01-01T00:36:00Z,SYNTHETIC_IMPORT,SAMPLE
50,29,1767227805000,2026-01-01T00:36:45Z,SYNTHETIC_IMPORT,SAMPLE
51,2,1767227850000,2026-01-01T00:37:30Z,SYNTHETIC_IMPORT,SAMPLE
52,24,1767227895000,2026-01-01T00:38:15Z,SYNTHETIC_IMPORT,SAMPLE
53,13,1767227940000,2026-01-01T00:39:00Z,SYNTHETIC_IMPORT,SAMPLE
54,28,1767227985000,2026-01-01T00:39:45Z,SYNTHETIC_IMPORT,SAMPLE
55,19,1767228030000,2026-01-01T00:40:30Z,SYNTHETIC_IMPORT,SAMPLE
56,1,1767228075000,2026-01-01T00:41:15Z,SYNTHETIC_IMPORT,SAMPLE
57,32,1767228120000,2026-01-01T00:42:00Z,SYNTHETIC_IMPORT,SAMPLE
58,31,1767228165000,2026-01-01T00:42:45Z,SYNTHETIC_IMPORT,SAMPLE
59,4,1767228210000,2026-01-01T00:43:30Z,SYNTHETIC_IMPORT,SAMPLE
60,17,1767228255000,2026-01-01T00:44:15Z,SYNTHETIC_IMPORT,SAMPLE
61,32,1767228300000,2026-01-01T00:45:00Z,SYNTHETIC_IMPORT,SAMPLE
62,19,1767228345000,2026-01-01T00:45:45Z,SYNTHETIC_IMPORT,SAMPLE
63,27,1767228390000,2026-01-01T00:46:30Z,SYNTHETIC_IMPORT,SAMPLE
64,12,1767228435000,2026-01-01T00:47:15Z,SYNTHETIC_IMPORT,SAMPLE
65,0,1767228480000,2026-01-01T00:48:00Z,SYNTHETIC_IMPORT,SAMPLE
66,28,1767228525000,2026-01-01T00:48:45Z,SYNTHETIC_IMPORT,SAMPLE
67,8,1767228570000,2026-01-01T00:49:30Z,SYNTHETIC_IMPORT,SAMPLE
68,5,1767228615000,2026-01-01T00:50:15Z,SYNTHETIC_IMPORT,SAMPLE
69,23,1767228660000,2026-01-01T00:51:00Z,SYNTHETIC_IMPORT,SAMPLE
70,19,1767228705000,2026-01-01T00:51:45Z,SYNTHETIC_IMPORT,SAMPLE
71,23,1767228750000,2026-01-01T00:52:30Z,SYNTHETIC_IMPORT,SAMPLE
72,21,1767228795000,2026-01-01T00:53:15Z,SYNTHETIC_IMPORT,SAMPLE
73,15,1767228840000,2026-01-01T00:54:00Z,SYNTHETIC_IMPORT,SAMPLE
74,30,1767228885000,2026-01-01T00:54:45Z,SYNTHETIC_IMPORT,SAMPLE
75,14,1767228930000,2026-01-01T00:55:30Z,SYNTHETIC_IMPORT,SAMPLE
76,31,1767228975000,2026-01-01T00:56:15Z,SYNTHETIC_IMPORT,SAMPLE
77,30,1767229020000,2026-01-01T00:57:00Z,SYNTHETIC_IMPORT,SAMPLE
78,4,1767229065000,2026-01-01T00:57:45Z,SYNTHETIC_IMPORT,SAMPLE
79,11,1767229110000,2026-01-01T00:58:30Z,SYNTHETIC_IMPORT,SAMPLE
80,9,1767229155000,2026-01-01T00:59:15Z,SYNTHETIC_IMPORT,SAMPLE
81,13,1767229200000,2026-01-01T01:00:00Z,SYNTHETIC_IMPORT,SAMPLE
82,18,1767229245000,2026-01-01T01:00:45Z,SYNTHETIC_IMPORT,SAMPLE
83,4,1767229290000,2026-01-01T01:01:30Z,SYNTHETIC_IMPORT,SAMPLE
84,14,1767229335000,2026-01-01T01:02:15Z,SYNTHETIC_IMPORT,SAMPLE
85,36,1767229380000,2026-01-01T01:03:00Z,SYNTHETIC_IMPORT,SAMPLE
86,4,1767229425000,2026-01-01T01:03:45Z,SYNTHETIC_IMPORT,SAMPLE
87,10,1767229470000,2026-01-01T01:04:30Z,SYNTHETIC_IMPORT,SAMPLE
88,27,1767229515000,2026-01-01T01:05:15Z,SYNTHETIC_IMPORT,SAMPLE
89,26,1767229560000,2026-01-01T01:06:00Z,SYNTHETIC_IMPORT,SAMPLE
90,13,1767229605000,2026-01-01T01:06:45Z,SYNTHETIC_IMPORT,SAMPLE
91,16,1767229650000,2026-01-01T01:07:30Z,SYNTHETIC_IMPORT,SAMPLE
92,25,1767229695000,2026-01-01T01:08:15Z,SYNTHETIC_IMPORT,SAMPLE
93,35,1767229740000,2026-01-01T01:09:00Z,SYNTHETIC_IMPORT,SAMPLE
94,33,1767229785000,2026-01-01T01:09:45Z,SYNTHETIC_IMPORT,SAMPLE
95,26,1767229830000,2026-01-01T01:10:30Z,SYNTHETIC_IMPORT,SAMPLE
96,32,1767229875000,2026-01-01T01:11:15Z,SYNTHETIC_IMPORT,SAMPLE
97,6,1767229920000,2026-01-01T01:12:00Z,SYNTHETIC_IMPORT,SAMPLE
98,18,1767229965000,2026-01-01T01:12:45Z,SYNTHETIC_IMPORT,SAMPLE
99,28,1767230010000,2026-01-01T01:13:30Z,SYNTHETIC_IMPORT,SAMPLE
100,26,1767230055000,2026-01-01T01:14:15Z,SYNTHETIC_IMPORT,SAMPLE
101,32,1767230100000,2026-01-01T01:15:00Z,SYNTHETIC_IMPORT,SAMPLE
102,12,1767230145000,2026-01-01T01:15:45Z,SYNTHETIC_IMPORT,SAMPLE
103,20,1767230190000,2026-01-01T01:16:30Z,SYNTHETIC_IMPORT,SAMPLE
104,25,1767230235000,2026-01-01T01:17:15Z,SYNTHETIC_IMPORT,SAMPLE
105,27,1767230280000,2026-01-01T01:18:00Z,SYNTHETIC_IMPORT,SAMPLE
106,26,1767230325000,2026-01-01T01:18:45Z,SYNTHETIC_IMPORT,SAMPLE
107,6,1767230370000,2026-01-01T01:19:30Z,SYNTHETIC_IMPORT,SAMPLE
108,16,1767230415000,2026-01-01T01:20:15Z,SYNTHETIC_IMPORT,SAMPLE
109,20,1767230460000,2026-01-01T01:21:00Z,SYNTHETIC_IMPORT,SAMPLE
110,27,1767230505000,2026-01-01T01:21:45Z,SYNTHETIC_IMPORT,SAMPLE
111,13,1767230550000,2026-01-01T01:22:30Z,SYNTHETIC_IMPORT,SAMPLE
112,20,1767230595000,2026-01-01T01:23:15Z,SYNTHETIC_IMPORT,SAMPLE
113,31,1767230640000,2026-01-01T01:24:00Z,SYNTHETIC_IMPORT,SAMPLE
114,19,1767230685000,2026-01-01T01:24:45Z,SYNTHETIC_IMPORT,SAMPLE
115,18,1767230730000,2026-01-01T01:25:30Z,SYNTHETIC_IMPORT,SAMPLE
116,13,1767230775000,2026-01-01T01:26:15Z,SYNTHETIC_IMPORT,SAMPLE
117,21,1767230820000,2026-01-01T01:27:00Z,SYNTHETIC_IMPORT,SAMPLE
118,36,1767230865000,2026-01-01T01:27:45Z,SYNTHETIC_IMPORT,SAMPLE
119,4,1767230910000,2026-01-01T01:28:30Z,SYNTHETIC_IMPORT,SAMPLE
120,20,1767230955000,2026-01-01T01:29:15Z,SYNTHETIC_IMPORT,SAMPLE
121,16,1767231000000,2026-01-01T01:30:00Z,SYNTHETIC_IMPORT,SAMPLE
122,23,1767231045000,2026-01-01T01:30:45Z,SYNTHETIC_IMPORT,SAMPLE
123,24,1767231090000,2026-01-01T01:31:30Z,SYNTHETIC_IMPORT,SAMPLE
124,10,1767231135000,2026-01-01T01:32:15Z,SYNTHETIC_IMPORT,SAMPLE
125,17,1767231180000,2026-01-01T01:33:00Z,SYNTHETIC_IMPORT,SAMPLE
126,36,1767231225000,2026-01-01T01:33:45Z,SYNTHETIC_IMPORT,SAMPLE
127,18,1767231270000,2026-01-01T01:34:30Z,SYNTHETIC_IMPORT,SAMPLE
128,17,1767231315000,2026-01-01T01:35:15Z,SYNTHETIC_IMPORT,SAMPLE
129,24,1767231360000,2026-01-01T01:36:00Z,SYNTHETIC_IMPORT,SAMPLE
130,7,1767231405000,2026-01-01T01:36:45Z,SYNTHETIC_IMPORT,SAMPLE
131,11,1767231450000,2026-01-01T01:37:30Z,SYNTHETIC_IMPORT,SAMPLE
132,14,1767231495000,2026-01-01T01:38:15Z,SYNTHETIC_IMPORT,SAMPLE
133,2,1767231540000,2026-01-01T01:39:00Z,SYNTHETIC_IMPORT,SAMPLE
134,26,1767231585000,2026-01-01T01:39:45Z,SYNTHETIC_IMPORT,SAMPLE
135,33,1767231630000,2026-01-01T01:40:30Z,SYNTHETIC_IMPORT,SAMPLE
136,14,1767231675000,2026-01-01T01:41:15Z,SYNTHETIC_IMPORT,SAMPLE
137,10,1767231720000,2026-01-01T01:42:00Z,SYNTHETIC_IMPORT,SAMPLE
138,30,1767231765000,2026-01-01T01:42:45Z,SYNTHETIC_IMPORT,SAMPLE
139,17,1767231810000,2026-01-01T01:43:30Z,SYNTHETIC_IMPORT,SAMPLE
140,6,1767231855000,2026-01-01T01:44:15Z,SYNTHETIC_IMPORT,SAMPLE
141,9,1767231900000,2026-01-01T01:45:00Z,SYNTHETIC_IMPORT,SAMPLE
142,1,1767231945000,2026-01-01T01:45:45Z,SYNTHETIC_IMPORT,SAMPLE
143,35,1767231990000,2026-01-01T01:46:30Z,SYNTHETIC_IMPORT,SAMPLE
144,27,1767232035000,2026-01-01T01:47:15Z,SYNTHETIC_IMPORT,SAMPLE
145,22,1767232080000,2026-01-01T01:48:00Z,SYNTHETIC_IMPORT,SAMPLE
146,23,1767232125000,2026-01-01T01:48:45Z,SYNTHETIC_IMPORT,SAMPLE
147,2,1767232170000,2026-01-01T01:49:30Z,SYNTHETIC_IMPORT,SAMPLE
148,30,1767232215000,2026-01-01T01:50:15Z,SYNTHETIC_IMPORT,SAMPLE
149,3,1767232260000,2026-01-01T01:51:00Z,SYNTHETIC_IMPORT,SAMPLE
150,10,1767232305000,2026-01-01T01:51:45Z,SYNTHETIC_IMPORT,SAMPLE
151,16,1767232350000,2026-01-01T01:52:30Z,SYNTHETIC_IMPORT,SAMPLE
152,13,1767232395000,2026-01-01T01:53:15Z,SYNTHETIC_IMPORT,SAMPLE
153,10,1767232440000,2026-01-01T01:54:00Z,SYNTHETIC_IMPORT,SAMPLE
154,26,1767232485000,2026-01-01T01:54:45Z,SYNTHETIC_IMPORT,SAMPLE
155,0,1767232530000,2026-01-01T01:55:30Z,SYNTHETIC_IMPORT,SAMPLE
156,20,1767232575000,2026-01-01T01:56:15Z,SYNTHETIC_IMPORT,SAMPLE
157,9,1767232620000,2026-01-01T01:57:00Z,SYNTHETIC_IMPORT,SAMPLE
158,27,1767232665000,2026-01-01T01:57:45Z,SYNTHETIC_IMPORT,SAMPLE
159,10,1767232710000,2026-01-01T01:58:30Z,SYNTHETIC_IMPORT,SAMPLE
160,6,1767232755000,2026-01-01T01:59:15Z,SYNTHETIC_IMPORT,SAMPLE
161,11,1767232800000,2026-01-01T02:00:00Z,SYNTHETIC_IMPORT,SAMPLE
162,31,1767232845000,2026-01-01T02:00:45Z,SYNTHETIC_IMPORT,SAMPLE
163,27,1767232890000,2026-01-01T02:01:30Z,SYNTHETIC_IMPORT,SAMPLE
164,16,1767232935000,2026-01-01T02:02:15Z,SYNTHETIC_IMPORT,SAMPLE
165,7,1767232980000,2026-01-01T02:03:00Z,SYNTHETIC_IMPORT,SAMPLE
166,12,1767233025000,2026-01-01T02:03:45Z,SYNTHETIC_IMPORT,SAMPLE
167,31,1767233070000,2026-01-01T02:04:30Z,SYNTHETIC_IMPORT,SAMPLE
168,17,1767233115000,2026-01-01T02:05:15Z,SYNTHETIC_IMPORT,SAMPLE
169,11,1767233160000,2026-01-01T02:06:00Z,SYNTHETIC_IMPORT,SAMPLE
170,1,1767233205000,2026-01-01T02:06:45Z,SYNTHETIC_IMPORT,SAMPLE
171,34,1767233250000,2026-01-01T02:07:30Z,SYNTHETIC_IMPORT,SAMPLE
172,36,1767233295000,2026-01-01T02:08:15Z,SYNTHETIC_IMPORT,SAMPLE
173,17,1767233340000,2026-01-01T02:09:00Z,SYNTHETIC_IMPORT,SAMPLE
174,26,1767233385000,2026-01-01T02:09:45Z,SYNTHETIC_IMPORT,SAMPLE
175,27,1767233430000,2026-01-01T02:10:30Z,SYNTHETIC_IMPORT,SAMPLE
176,25,1767233475000,2026-01-01T02:11:15Z,SYNTHETIC_IMPORT,SAMPLE
177,0,1767233520000,2026-01-01T02:12:00Z,SYNTHETIC_IMPORT,SAMPLE
178,28,1767233565000,2026-01-01T02:12:45Z,SYNTHETIC_IMPORT,SAMPLE
179,35,1767233610000,2026-01-01T02:13:30Z,SYNTHETIC_IMPORT,SAMPLE
180,36,1767233655000,2026-01-01T02:14:15Z,SYNTHETIC_IMPORT,SAMPLE
181,4,1767233700000,2026-01-01T02:15:00Z,SYNTHETIC_IMPORT,SAMPLE
182,35,1767233745000,2026-01-01T02:15:45Z,SYNTHETIC_IMPORT,SAMPLE
183,16,1767233790000,2026-01-01T02:16:30Z,SYNTHETIC_IMPORT,SAMPLE
184,15,1767233835000,2026-01-01T02:17:15Z,SYNTHETIC_IMPORT,SAMPLE
185,33,1767233880000,2026-01-01T02:18:00Z,SYNTHETIC_IMPORT,SAMPLE
186,19,1767233925000,2026-01-01T02:18:45Z,SYNTHETIC_IMPORT,SAMPLE
187,1,1767233970000,2026-01-01T02:19:30Z,SYNTHETIC_IMPORT,SAMPLE
188,26,1767234015000,2026-01-01T02:20:15Z,SYNTHETIC_IMPORT,SAMPLE
189,3,1767234060000,2026-01-01T02:21:00Z,SYNTHETIC_IMPORT,SAMPLE
190,6,1767234105000,2026-01-01T02:21:45Z,SYNTHETIC_IMPORT,SAMPLE
191,1,1767234150000,2026-01-01T02:22:30Z,SYNTHETIC_IMPORT,SAMPLE
192,29,1767234195000,2026-01-01T02:23:15Z,SYNTHETIC_IMPORT,SAMPLE
193,13,1767234240000,2026-01-01T02:24:00Z,SYNTHETIC_IMPORT,SAMPLE
194,32,1767234285000,2026-01-01T02:24:45Z,SYNTHETIC_IMPORT,SAMPLE
195,17,1767234330000,2026-01-01T02:25:30Z,SYNTHETIC_IMPORT,SAMPLE
196,24,1767234375000,2026-01-01T02:26:15Z,SYNTHETIC_IMPORT,SAMPLE
197,8,1767234420000,2026-01-01T02:27:00Z,SYNTHETIC_IMPORT,SAMPLE
198,5,1767234465000,2026-01-01T02:27:45Z,SYNTHETIC_IMPORT,SAMPLE
199,15,1767234510000,2026-01-01T02:28:30Z,SYNTHETIC_IMPORT,SAMPLE
200,31,1767234555000,2026-01-01T02:29:15Z,SYNTHETIC_IMPORT,SAMPLE
201,28,1767234600000,2026-01-01T02:30:00Z,SYNTHETIC_IMPORT,SAMPLE
202,14,1767234645000,2026-01-01T02:30:45Z,SYNTHETIC_IMPORT,SAMPLE
203,16,1767234690000,2026-01-01T02:31:30Z,SYNTHETIC_IMPORT,SAMPLE
204,2,1767234735000,2026-01-01T02:32:15Z,SYNTHETIC_IMPORT,SAMPLE
205,16,1767234780000,2026-01-01T02:33:00Z,SYNTHETIC_IMPORT,SAMPLE
206,13,1767234825000,2026-01-01T02:33:45Z,SYNTHETIC_IMPORT,SAMPLE
207,17,1767234870000,2026-01-01T02:34:30Z,SYNTHETIC_IMPORT,SAMPLE
208,19,1767234915000,2026-01-01T02:35:15Z,SYNTHETIC_IMPORT,SAMPLE
209,4,1767234960000,2026-01-01T02:36:00Z,SYNTHETIC_IMPORT,SAMPLE
210,26,1767235005000,2026-01-01T02:36:45Z,SYNTHETIC_IMPORT,SAMPLE
211,16,1767235050000,2026-01-01T02:37:30Z,SYNTHETIC_IMPORT,SAMPLE
212,33,1767235095000,2026-01-01T02:38:15Z,SYNTHETIC_IMPORT,SAMPLE
213,36,1767235140000,2026-01-01T02:39:00Z,SYNTHETIC_IMPORT,SAMPLE
214,33,1767235185000,2026-01-01T02:39:45Z,SYNTHETIC_IMPORT,SAMPLE
215,22,1767235230000,2026-01-01T02:40:30Z,SYNTHETIC_IMPORT,SAMPLE
216,26,1767235275000,2026-01-01T02:41:15Z,SYNTHETIC_IMPORT,SAMPLE
217,18,1767235320000,2026-01-01T02:42:00Z,SYNTHETIC_IMPORT,SAMPLE
218,12,1767235365000,2026-01-01T02:42:45Z,SYNTHETIC_IMPORT,SAMPLE
219,4,1767235410000,2026-01-01T02:43:30Z,SYNTHETIC_IMPORT,SAMPLE
220,26,1767235455000,2026-01-01T02:44:15Z,SYNTHETIC_IMPORT,SAMPLE
221,21,1767235500000,2026-01-01T02:45:00Z,SYNTHETIC_IMPORT,SAMPLE
222,15,1767235545000,2026-01-01T02:45:45Z,SYNTHETIC_IMPORT,SAMPLE
223,10,1767235590000,2026-01-01T02:46:30Z,SYNTHETIC_IMPORT,SAMPLE
224,22,1767235635000,2026-01-01T02:47:15Z,SYNTHETIC_IMPORT,SAMPLE
225,16,1767235680000,2026-01-01T02:48:00Z,SYNTHETIC_IMPORT,SAMPLE
226,29,1767235725000,2026-01-01T02:48:45Z,SYNTHETIC_IMPORT,SAMPLE
227,27,1767235770000,2026-01-01T02:49:30Z,SYNTHETIC_IMPORT,SAMPLE
228,34,1767235815000,2026-01-01T02:50:15Z,SYNTHETIC_IMPORT,SAMPLE
229,3,1767235860000,2026-01-01T02:51:00Z,SYNTHETIC_IMPORT,SAMPLE
230,15,1767235905000,2026-01-01T02:51:45Z,SYNTHETIC_IMPORT,SAMPLE
231,17,1767235950000,2026-01-01T02:52:30Z,SYNTHETIC_IMPORT,SAMPLE
232,22,1767235995000,2026-01-01T02:53:15Z,SYNTHETIC_IMPORT,SAMPLE
233,1,1767236040000,2026-01-01T02:54:00Z,SYNTHETIC_IMPORT,SAMPLE
234,11,1767236085000,2026-01-01T02:54:45Z,SYNTHETIC_IMPORT,SAMPLE
235,10,1767236130000,2026-01-01T02:55:30Z,SYNTHETIC_IMPORT,SAMPLE
236,14,1767236175000,2026-01-01T02:56:15Z,SYNTHETIC_IMPORT,SAMPLE
237,20,1767236220000,2026-01-01T02:57:00Z,SYNTHETIC_IMPORT,SAMPLE
238,20,1767236265000,2026-01-01T02:57:45Z,SYNTHETIC_IMPORT,SAMPLE
239,6,1767236310000,2026-01-01T02:58:30Z,SYNTHETIC_IMPORT,SAMPLE
240,34,1767236355000,2026-01-01T02:59:15Z,SYNTHETIC_IMPORT,SAMPLE
241,4,1767236400000,2026-01-01T03:00:00Z,SYNTHETIC_IMPORT,SAMPLE
242,8,1767236445000,2026-01-01T03:00:45Z,SYNTHETIC_IMPORT,SAMPLE
243,18,1767236490000,2026-01-01T03:01:30Z,SYNTHETIC_IMPORT,SAMPLE
244,3,1767236535000,2026-01-01T03:02:15Z,SYNTHETIC_IMPORT,SAMPLE
245,9,1767236580000,2026-01-01T03:03:00Z,SYNTHETIC_IMPORT,SAMPLE
246,1,1767236625000,2026-01-01T03:03:45Z,SYNTHETIC_IMPORT,SAMPLE
247,20,1767236670000,2026-01-01T03:04:30Z,SYNTHETIC_IMPORT,SAMPLE
248,8,1767236715000,2026-01-01T03:05:15Z,SYNTHETIC_IMPORT,SAMPLE
249,3,1767236760000,2026-01-01T03:06:00Z,SYNTHETIC_IMPORT,SAMPLE
250,32,1767236805000,2026-01-01T03:06:45Z,SYNTHETIC_IMPORT,SAMPLE
251,16,1767236850000,2026-01-01T03:07:30Z,SYNTHETIC_IMPORT,SAMPLE
252,27,1767236895000,2026-01-01T03:08:15Z,SYNTHETIC_IMPORT,SAMPLE
253,34,1767236940000,2026-01-01T03:09:00Z,SYNTHETIC_IMPORT,SAMPLE
254,7,1767236985000,2026-01-01T03:09:45Z,SYNTHETIC_IMPORT,SAMPLE
255,24,1767237030000,2026-01-01T03:10:30Z,SYNTHETIC_IMPORT,SAMPLE
256,25,1767237075000,2026-01-01T03:11:15Z,SYNTHETIC_IMPORT,SAMPLE
257,33,1767237120000,2026-01-01T03:12:00Z,SYNTHETIC_IMPORT,SAMPLE
258,29,1767237165000,2026-01-01T03:12:45Z,SYNTHETIC_IMPORT,SAMPLE
259,31,1767237210000,2026-01-01T03:13:30Z,SYNTHETIC_IMPORT,SAMPLE
260,29,1767237255000,2026-01-01T03:14:15Z,SYNTHETIC_IMPORT,SAMPLE
261,7,1767237300000,2026-01-01T03:15:00Z,SYNTHETIC_IMPORT,SAMPLE
262,32,1767237345000,2026-01-01T03:15:45Z,SYNTHETIC_IMPORT,SAMPLE
263,21,1767237390000,2026-01-01T03:16:30Z,SYNTHETIC_IMPORT,SAMPLE
264,17,1767237435000,2026-01-01T03:17:15Z,SYNTHETIC_IMPORT,SAMPLE
265,25,1767237480000,2026-01-01T03:18:00Z,SYNTHETIC_IMPORT,SAMPLE
266,16,1767237525000,2026-01-01T03:18:45Z,SYNTHETIC_IMPORT,SAMPLE
267,34,1767237570000,2026-01-01T03:19:30Z,SYNTHETIC_IMPORT,SAMPLE
268,10,1767237615000,2026-01-01T03:20:15Z,SYNTHETIC_IMPORT,SAMPLE
269,28,1767237660000,2026-01-01T03:21:00Z,SYNTHETIC_IMPORT,SAMPLE
270,19,1767237705000,2026-01-01T03:21:45Z,SYNTHETIC_IMPORT,SAMPLE
271,22,1767237750000,2026-01-01T03:22:30Z,SYNTHETIC_IMPORT,SAMPLE
272,13,1767237795000,2026-01-01T03:23:15Z,SYNTHETIC_IMPORT,SAMPLE
273,15,1767237840000,2026-01-01T03:24:00Z,SYNTHETIC_IMPORT,SAMPLE
274,25,1767237885000,2026-01-01T03:24:45Z,SYNTHETIC_IMPORT,SAMPLE
275,22,1767237930000,2026-01-01T03:25:30Z,SYNTHETIC_IMPORT,SAMPLE
276,33,1767237975000,2026-01-01T03:26:15Z,SYNTHETIC_IMPORT,SAMPLE
277,20,1767238020000,2026-01-01T03:27:00Z,SYNTHETIC_IMPORT,SAMPLE
278,25,1767238065000,2026-01-01T03:27:45Z,SYNTHETIC_IMPORT,SAMPLE
279,34,1767238110000,2026-01-01T03:28:30Z,SYNTHETIC_IMPORT,SAMPLE
280,8,1767238155000,2026-01-01T03:29:15Z,SYNTHETIC_IMPORT,SAMPLE
281,25,1767238200000,2026-01-01T03:30:00Z,SYNTHETIC_IMPORT,SAMPLE
282,14,1767238245000,2026-01-01T03:30:45Z,SYNTHETIC_IMPORT,SAMPLE
283,32,1767238290000,2026-01-01T03:31:30Z,SYNTHETIC_IMPORT,SAMPLE
284,35,1767238335000,2026-01-01T03:32:15Z,SYNTHETIC_IMPORT,SAMPLE
285,14,1767238380000,2026-01-01T03:33:00Z,SYNTHETIC_IMPORT,SAMPLE
286,35,1767238425000,2026-01-01T03:33:45Z,SYNTHETIC_IMPORT,SAMPLE
287,11,1767238470000,2026-01-01T03:34:30Z,SYNTHETIC_IMPORT,SAMPLE
288,15,1767238515000,2026-01-01T03:35:15Z,SYNTHETIC_IMPORT,SAMPLE
289,18,1767238560000,2026-01-01T03:36:00Z,SYNTHETIC_IMPORT,SAMPLE
290,1,1767238605000,2026-01-01T03:36:45Z,SYNTHETIC_IMPORT,SAMPLE
291,15,1767238650000,2026-01-01T03:37:30Z,SYNTHETIC_IMPORT,SAMPLE
292,1,1767238695000,2026-01-01T03:38:15Z,SYNTHETIC_IMPORT,SAMPLE
293,0,1767238740000,2026-01-01T03:39:00Z,SYNTHETIC_IMPORT,SAMPLE
294,18,1767238785000,2026-01-01T03:39:45Z,SYNTHETIC_IMPORT,SAMPLE
295,19,1767238830000,2026-01-01T03:40:30Z,SYNTHETIC_IMPORT,SAMPLE
296,34,1767238875000,2026-01-01T03:41:15Z,SYNTHETIC_IMPORT,SAMPLE
297,10,1767238920000,2026-01-01T03:42:00Z,SYNTHETIC_IMPORT,SAMPLE
298,12,1767238965000,2026-01-01T03:42:45Z,SYNTHETIC_IMPORT,SAMPLE
299,35,1767239010000,2026-01-01T03:43:30Z,SYNTHETIC_IMPORT,SAMPLE
300,9,1767239055000,2026-01-01T03:44:15Z,SYNTHETIC_IMPORT,SAMPLE
301,12,1767239100000,2026-01-01T03:45:00Z,SYNTHETIC_IMPORT,SAMPLE
302,24,1767239145000,2026-01-01T03:45:45Z,SYNTHETIC_IMPORT,SAMPLE
303,14,1767239190000,2026-01-01T03:46:30Z,SYNTHETIC_IMPORT,SAMPLE
304,29,1767239235000,2026-01-01T03:47:15Z,SYNTHETIC_IMPORT,SAMPLE
305,6,1767239280000,2026-01-01T03:48:00Z,SYNTHETIC_IMPORT,SAMPLE
306,4,1767239325000,2026-01-01T03:48:45Z,SYNTHETIC_IMPORT,SAMPLE
307,6,1767239370000,2026-01-01T03:49:30Z,SYNTHETIC_IMPORT,SAMPLE
308,17,1767239415000,2026-01-01T03:50:15Z,SYNTHETIC_IMPORT,SAMPLE
309,28,1767239460000,2026-01-01T03:51:00Z,SYNTHETIC_IMPORT,SAMPLE
310,22,1767239505000,2026-01-01T03:51:45Z,SYNTHETIC_IMPORT,SAMPLE
311,35,1767239550000,2026-01-01T03:52:30Z,SYNTHETIC_IMPORT,SAMPLE
312,5,1767239595000,2026-01-01T03:53:15Z,SYNTHETIC_IMPORT,SAMPLE
313,16,1767239640000,2026-01-01T03:54:00Z,SYNTHETIC_IMPORT,SAMPLE
314,12,1767239685000,2026-01-01T03:54:45Z,SYNTHETIC_IMPORT,SAMPLE
315,30,1767239730000,2026-01-01T03:55:30Z,SYNTHETIC_IMPORT,SAMPLE
316,6,1767239775000,2026-01-01T03:56:15Z,SYNTHETIC_IMPORT,SAMPLE
317,0,1767239820000,2026-01-01T03:57:00Z,SYNTHETIC_IMPORT,SAMPLE
318,25,1767239865000,2026-01-01T03:57:45Z,SYNTHETIC_IMPORT,SAMPLE
319,36,1767239910000,2026-01-01T03:58:30Z,SYNTHETIC_IMPORT,SAMPLE
320,10,1767239955000,2026-01-01T03:59:15Z,SYNTHETIC_IMPORT,SAMPLE
321,7,1767240000000,2026-01-01T04:00:00Z,SYNTHETIC_IMPORT,SAMPLE
322,32,1767240045000,2026-01-01T04:00:45Z,SYNTHETIC_IMPORT,SAMPLE
323,28,1767240090000,2026-01-01T04:01:30Z,SYNTHETIC_IMPORT,SAMPLE
324,13,1767240135000,2026-01-01T04:02:15Z,SYNTHETIC_IMPORT,SAMPLE
325,16,1767240180000,2026-01-01T04:03:00Z,SYNTHETIC_IMPORT,SAMPLE
326,35,1767240225000,2026-01-01T04:03:45Z,SYNTHETIC_IMPORT,SAMPLE
327,35,1767240270000,2026-01-01T04:04:30Z,SYNTHETIC_IMPORT,SAMPLE
328,0,1767240315000,2026-01-01T04:05:15Z,SYNTHETIC_IMPORT,SAMPLE
329,0,1767240360000,2026-01-01T04:06:00Z,SYNTHETIC_IMPORT,SAMPLE
330,27,1767240405000,2026-01-01T04:06:45Z,SYNTHETIC_IMPORT,SAMPLE
331,4,1767240450000,2026-01-01T04:07:30Z,SYNTHETIC_IMPORT,SAMPLE
332,10,1767240495000,2026-01-01T04:08:15Z,SYNTHETIC_IMPORT,SAMPLE
333,13,1767240540000,2026-01-01T04:09:00Z,SYNTHETIC_IMPORT,SAMPLE
334,34,1767240585000,2026-01-01T04:09:45Z,SYNTHETIC_IMPORT,SAMPLE
335,6,1767240630000,2026-01-01T04:10:30Z,SYNTHETIC_IMPORT,SAMPLE
336,11,1767240675000,2026-01-01T04:11:15Z,SYNTHETIC_IMPORT,SAMPLE
337,33,1767240720000,2026-01-01T04:12:00Z,SYNTHETIC_IMPORT,SAMPLE
338,1,1767240765000,2026-01-01T04:12:45Z,SYNTHETIC_IMPORT,SAMPLE
339,14,1767240810000,2026-01-01T04:13:30Z,SYNTHETIC_IMPORT,SAMPLE
340,10,1767240855000,2026-01-01T04:14:15Z,SYNTHETIC_IMPORT,SAMPLE
341,14,1767240900000,2026-01-01T04:15:00Z,SYNTHETIC_IMPORT,SAMPLE
342,28,1767240945000,2026-01-01T04:15:45Z,SYNTHETIC_IMPORT,SAMPLE
343,25,1767240990000,2026-01-01T04:16:30Z,SYNTHETIC_IMPORT,SAMPLE
344,33,1767241035000,2026-01-01T04:17:15Z,SYNTHETIC_IMPORT,SAMPLE
345,19,1767241080000,2026-01-01T04:18:00Z,SYNTHETIC_IMPORT,SAMPLE
346,18,1767241125000,2026-01-01T04:18:45Z,SYNTHETIC_IMPORT,SAMPLE
347,25,1767241170000,2026-01-01T04:19:30Z,SYNTHETIC_IMPORT,SAMPLE
348,19,1767241215000,2026-01-01T04:20:15Z,SYNTHETIC_IMPORT,SAMPLE
349,8,1767241260000,2026-01-01T04:21:00Z,SYNTHETIC_IMPORT,SAMPLE
350,36,1767241305000,2026-01-01T04:21:45Z,SYNTHETIC_IMPORT,SAMPLE
351,4,1767241350000,2026-01-01T04:22:30Z,SYNTHETIC_IMPORT,SAMPLE
352,14,1767241395000,2026-01-01T04:23:15Z,SYNTHETIC_IMPORT,SAMPLE
353,36,1767241440000,2026-01-01T04:24:00Z,SYNTHETIC_IMPORT,SAMPLE
354,7,1767241485000,2026-01-01T04:24:45Z,SYNTHETIC_IMPORT,SAMPLE
355,8,1767241530000,2026-01-01T04:25:30Z,SYNTHETIC_IMPORT,SAMPLE
356,11,1767241575000,2026-01-01T04:26:15Z,SYNTHETIC_IMPORT,SAMPLE
357,2,1767241620000,2026-01-01T04:27:00Z,SYNTHETIC_IMPORT,SAMPLE
358,26,1767241665000,2026-01-01T04:27:45Z,SYNTHETIC_IMPORT,SAMPLE
359,32,1767241710000,2026-01-01T04:28:30Z,SYNTHETIC_IMPORT,SAMPLE
360,9,1767241755000,2026-01-01T04:29:15Z,SYNTHETIC_IMPORT,SAMPLE
361,1,1767241800000,2026-01-01T04:30:00Z,SYNTHETIC_IMPORT,SAMPLE
362,32,1767241845000,2026-01-01T04:30:45Z,SYNTHETIC_IMPORT,SAMPLE
363,8,1767241890000,2026-01-01T04:31:30Z,SYNTHETIC_IMPORT,SAMPLE
364,9,1767241935000,2026-01-01T04:32:15Z,SYNTHETIC_IMPORT,SAMPLE
365,5,1767241980000,2026-01-01T04:33:00Z,SYNTHETIC_IMPORT,SAMPLE
366,15,1767242025000,2026-01-01T04:33:45Z,SYNTHETIC_IMPORT,SAMPLE
367,4,1767242070000,2026-01-01T04:34:30Z,SYNTHETIC_IMPORT,SAMPLE
368,14,1767242115000,2026-01-01T04:35:15Z,SYNTHETIC_IMPORT,SAMPLE
369,20,1767242160000,2026-01-01T04:36:00Z,SYNTHETIC_IMPORT,SAMPLE
370,21,1767242205000,2026-01-01T04:36:45Z,SYNTHETIC_IMPORT,SAMPLE
371,12,1767242250000,2026-01-01T04:37:30Z,SYNTHETIC_IMPORT,SAMPLE
372,6,1767242295000,2026-01-01T04:38:15Z,SYNTHETIC_IMPORT,SAMPLE
373,35,1767242340000,2026-01-01T04:39:00Z,SYNTHETIC_IMPORT,SAMPLE
374,22,1767242385000,2026-01-01T04:39:45Z,SYNTHETIC_IMPORT,SAMPLE
375,3,1767242430000,2026-01-01T04:40:30Z,SYNTHETIC_IMPORT,SAMPLE
376,27,1767242475000,2026-01-01T04:41:15Z,SYNTHETIC_IMPORT,SAMPLE
377,9,1767242520000,2026-01-01T04:42:00Z,SYNTHETIC_IMPORT,SAMPLE
378,0,1767242565000,2026-01-01T04:42:45Z,SYNTHETIC_IMPORT,SAMPLE
379,7,1767242610000,2026-01-01T04:43:30Z,SYNTHETIC_IMPORT,SAMPLE
380,30,1767242655000,2026-01-01T04:44:15Z,SYNTHETIC_IMPORT,SAMPLE
381,14,1767242700000,2026-01-01T04:45:00Z,SYNTHETIC_IMPORT,SAMPLE
382,17,1767242745000,2026-01-01T04:45:45Z,SYNTHETIC_IMPORT,SAMPLE
383,5,1767242790000,2026-01-01T04:46:30Z,SYNTHETIC_IMPORT,SAMPLE
384,16,1767242835000,2026-01-01T04:47:15Z,SYNTHETIC_IMPORT,SAMPLE
385,8,1767242880000,2026-01-01T04:48:00Z,SYNTHETIC_IMPORT,SAMPLE
386,20,1767242925000,2026-01-01T04:48:45Z,SYNTHETIC_IMPORT,SAMPLE
387,33,1767242970000,2026-01-01T04:49:30Z,SYNTHETIC_IMPORT,SAMPLE
388,20,1767243015000,2026-01-01T04:50:15Z,SYNTHETIC_IMPORT,SAMPLE
389,5,1767243060000,2026-01-01T04:51:00Z,SYNTHETIC_IMPORT,SAMPLE
390,29,1767243105000,2026-01-01T04:51:45Z,SYNTHETIC_IMPORT,SAMPLE
391,36,1767243150000,2026-01-01T04:52:30Z,SYNTHETIC_IMPORT,SAMPLE
392,12,1767243195000,2026-01-01T04:53:15Z,SYNTHETIC_IMPORT,SAMPLE
393,31,1767243240000,2026-01-01T04:54:00Z,SYNTHETIC_IMPORT,SAMPLE
394,21,1767243285000,2026-01-01T04:54:45Z,SYNTHETIC_IMPORT,SAMPLE
395,28,1767243330000,2026-01-01T04:55:30Z,SYNTHETIC_IMPORT,SAMPLE
396,9,1767243375000,2026-01-01T04:56:15Z,SYNTHETIC_IMPORT,SAMPLE
397,30,1767243420000,2026-01-01T04:57:00Z,SYNTHETIC_IMPORT,SAMPLE
398,8,1767243465000,2026-01-01T04:57:45Z,SYNTHETIC_IMPORT,SAMPLE
399,4,1767243510000,2026-01-01T04:58:30Z,SYNTHETIC_IMPORT,SAMPLE
400,5,1767243555000,2026-01-01T04:59:15Z,SYNTHETIC_IMPORT,SAMPLE
401,12,1767243600000,2026-01-01T05:00:00Z,SYNTHETIC_IMPORT,SAMPLE
402,34,1767243645000,2026-01-01T05:00:45Z,SYNTHETIC_IMPORT,SAMPLE
403,8,1767243690000,2026-01-01T05:01:30Z,SYNTHETIC_IMPORT,SAMPLE
404,17,1767243735000,2026-01-01T05:02:15Z,SYNTHETIC_IMPORT,SAMPLE
405,27,1767243780000,2026-01-01T05:03:00Z,SYNTHETIC_IMPORT,SAMPLE
406,21,1767243825000,2026-01-01T05:03:45Z,SYNTHETIC_IMPORT,SAMPLE
407,14,1767243870000,2026-01-01T05:04:30Z,SYNTHETIC_IMPORT,SAMPLE
408,12,1767243915000,2026-01-01T05:05:15Z,SYNTHETIC_IMPORT,SAMPLE
409,30,1767243960000,2026-01-01T05:06:00Z,SYNTHETIC_IMPORT,SAMPLE
410,1,1767244005000,2026-01-01T05:06:45Z,SYNTHETIC_IMPORT,SAMPLE
411,1,1767244050000,2026-01-01T05:07:30Z,SYNTHETIC_IMPORT,SAMPLE
412,12,1767244095000,2026-01-01T05:08:15Z,SYNTHETIC_IMPORT,SAMPLE
413,2,1767244140000,2026-01-01T05:09:00Z,SYNTHETIC_IMPORT,SAMPLE
414,33,1767244185000,2026-01-01T05:09:45Z,SYNTHETIC_IMPORT,SAMPLE
415,30,1767244230000,2026-01-01T05:10:30Z,SYNTHETIC_IMPORT,SAMPLE
416,28,1767244275000,2026-01-01T05:11:15Z,SYNTHETIC_IMPORT,SAMPLE
417,11,1767244320000,2026-01-01T05:12:00Z,SYNTHETIC_IMPORT,SAMPLE
418,26,1767244365000,2026-01-01T05:12:45Z,SYNTHETIC_IMPORT,SAMPLE
419,21,1767244410000,2026-01-01T05:13:30Z,SYNTHETIC_IMPORT,SAMPLE
420,28,1767244455000,2026-01-01T05:14:15Z,SYNTHETIC_IMPORT,SAMPLE
421,9,1767244500000,2026-01-01T05:15:00Z,SYNTHETIC_IMPORT,SAMPLE
422,10,1767244545000,2026-01-01T05:15:45Z,SYNTHETIC_IMPORT,SAMPLE
423,36,1767244590000,2026-01-01T05:16:30Z,SYNTHETIC_IMPORT,SAMPLE
424,35,1767244635000,2026-01-01T05:17:15Z,SYNTHETIC_IMPORT,SAMPLE
425,12,1767244680000,2026-01-01T05:18:00Z,SYNTHETIC_IMPORT,SAMPLE
426,35,1767244725000,2026-01-01T05:18:45Z,SYNTHETIC_IMPORT,SAMPLE
427,6,1767244770000,2026-01-01T05:19:30Z,SYNTHETIC_IMPORT,SAMPLE
428,29,1767244815000,2026-01-01T05:20:15Z,SYNTHETIC_IMPORT,SAMPLE
429,34,1767244860000,2026-01-01T05:21:00Z,SYNTHETIC_IMPORT,SAMPLE
430,22,1767244905000,2026-01-01T05:21:45Z,SYNTHETIC_IMPORT,SAMPLE
431,9,1767244950000,2026-01-01T05:22:30Z,SYNTHETIC_IMPORT,SAMPLE
432,23,1767244995000,2026-01-01T05:23:15Z,SYNTHETIC_IMPORT,SAMPLE
433,10,1767245040000,2026-01-01T05:24:00Z,SYNTHETIC_IMPORT,SAMPLE
434,1,1767245085000,2026-01-01T05:24:45Z,SYNTHETIC_IMPORT,SAMPLE
435,25,1767245130000,2026-01-01T05:25:30Z,SYNTHETIC_IMPORT,SAMPLE
436,14,1767245175000,2026-01-01T05:26:15Z,SYNTHETIC_IMPORT,SAMPLE
437,21,1767245220000,2026-01-01T05:27:00Z,SYNTHETIC_IMPORT,SAMPLE
438,29,1767245265000,2026-01-01T05:27:45Z,SYNTHETIC_IMPORT,SAMPLE
439,30,1767245310000,2026-01-01T05:28:30Z,SYNTHETIC_IMPORT,SAMPLE
440,4,1767245355000,2026-01-01T05:29:15Z,SYNTHETIC_IMPORT,SAMPLE
441,1,1767245400000,2026-01-01T05:30:00Z,SYNTHETIC_IMPORT,SAMPLE
442,11,1767245445000,2026-01-01T05:30:45Z,SYNTHETIC_IMPORT,SAMPLE
443,1,1767245490000,2026-01-01T05:31:30Z,SYNTHETIC_IMPORT,SAMPLE
444,17,1767245535000,2026-01-01T05:32:15Z,SYNTHETIC_IMPORT,SAMPLE
445,29,1767245580000,2026-01-01T05:33:00Z,SYNTHETIC_IMPORT,SAMPLE
446,20,1767245625000,2026-01-01T05:33:45Z,SYNTHETIC_IMPORT,SAMPLE
447,27,1767245670000,2026-01-01T05:34:30Z,SYNTHETIC_IMPORT,SAMPLE
448,5,1767245715000,2026-01-01T05:35:15Z,SYNTHETIC_IMPORT,SAMPLE
449,30,1767245760000,2026-01-01T05:36:00Z,SYNTHETIC_IMPORT,SAMPLE
450,23,1767245805000,2026-01-01T05:36:45Z,SYNTHETIC_IMPORT,SAMPLE
451,35,1767245850000,2026-01-01T05:37:30Z,SYNTHETIC_IMPORT,SAMPLE
452,0,1767245895000,2026-01-01T05:38:15Z,SYNTHETIC_IMPORT,SAMPLE
453,12,1767245940000,2026-01-01T05:39:00Z,SYNTHETIC_IMPORT,SAMPLE
454,11,1767245985000,2026-01-01T05:39:45Z,SYNTHETIC_IMPORT,SAMPLE
455,4,1767246030000,2026-01-01T05:40:30Z,SYNTHETIC_IMPORT,SAMPLE
456,27,1767246075000,2026-01-01T05:41:15Z,SYNTHETIC_IMPORT,SAMPLE
457,3,1767246120000,2026-01-01T05:42:00Z,SYNTHETIC_IMPORT,SAMPLE
458,31,1767246165000,2026-01-01T05:42:45Z,SYNTHETIC_IMPORT,SAMPLE
459,35,1767246210000,2026-01-01T05:43:30Z,SYNTHETIC_IMPORT,SAMPLE
460,3,1767246255000,2026-01-01T05:44:15Z,SYNTHETIC_IMPORT,SAMPLE
461,35,1767246300000,2026-01-01T05:45:00Z,SYNTHETIC_IMPORT,SAMPLE
462,3,1767246345000,2026-01-01T05:45:45Z,SYNTHETIC_IMPORT,SAMPLE
463,36,1767246390000,2026-01-01T05:46:30Z,SYNTHETIC_IMPORT,SAMPLE
464,0,1767246435000,2026-01-01T05:47:15Z,SYNTHETIC_IMPORT,SAMPLE
465,0,1767246480000,2026-01-01T05:48:00Z,SYNTHETIC_IMPORT,SAMPLE
466,26,1767246525000,2026-01-01T05:48:45Z,SYNTHETIC_IMPORT,SAMPLE
467,34,1767246570000,2026-01-01T05:49:30Z,SYNTHETIC_IMPORT,SAMPLE
468,20,1767246615000,2026-01-01T05:50:15Z,SYNTHETIC_IMPORT,SAMPLE
469,15,1767246660000,2026-01-01T05:51:00Z,SYNTHETIC_IMPORT,SAMPLE
470,20,1767246705000,2026-01-01T05:51:45Z,SYNTHETIC_IMPORT,SAMPLE
471,31,1767246750000,2026-01-01T05:52:30Z,SYNTHETIC_IMPORT,SAMPLE
472,32,1767246795000,2026-01-01T05:53:15Z,SYNTHETIC_IMPORT,SAMPLE
473,33,1767246840000,2026-01-01T05:54:00Z,SYNTHETIC_IMPORT,SAMPLE
474,28,1767246885000,2026-01-01T05:54:45Z,SYNTHETIC_IMPORT,SAMPLE
475,6,1767246930000,2026-01-01T05:55:30Z,SYNTHETIC_IMPORT,SAMPLE
476,3,1767246975000,2026-01-01T05:56:15Z,SYNTHETIC_IMPORT,SAMPLE
477,16,1767247020000,2026-01-01T05:57:00Z,SYNTHETIC_IMPORT,SAMPLE
478,16,1767247065000,2026-01-01T05:57:45Z,SYNTHETIC_IMPORT,SAMPLE
479,5,1767247110000,2026-01-01T05:58:30Z,SYNTHETIC_IMPORT,SAMPLE
480,33,1767247155000,2026-01-01T05:59:15Z,SYNTHETIC_IMPORT,SAMPLE
481,6,1767247200000,2026-01-01T06:00:00Z,SYNTHETIC_IMPORT,SAMPLE
482,10,1767247245000,2026-01-01T06:00:45Z,SYNTHETIC_IMPORT,SAMPLE
483,30,1767247290000,2026-01-01T06:01:30Z,SYNTHETIC_IMPORT,SAMPLE
484,26,1767247335000,2026-01-01T06:02:15Z,SYNTHETIC_IMPORT,SAMPLE
485,2,1767247380000,2026-01-01T06:03:00Z,SYNTHETIC_IMPORT,SAMPLE
486,24,1767247425000,2026-01-01T06:03:45Z,SYNTHETIC_IMPORT,SAMPLE
487,7,1767247470000,2026-01-01T06:04:30Z,SYNTHETIC_IMPORT,SAMPLE
488,17,1767247515000,2026-01-01T06:05:15Z,SYNTHETIC_IMPORT,SAMPLE
489,23,1767247560000,2026-01-01T06:06:00Z,SYNTHETIC_IMPORT,SAMPLE
490,2,1767247605000,2026-01-01T06:06:45Z,SYNTHETIC_IMPORT,SAMPLE
491,24,1767247650000,2026-01-01T06:07:30Z,SYNTHETIC_IMPORT,SAMPLE
492,11,1767247695000,2026-01-01T06:08:15Z,SYNTHETIC_IMPORT,SAMPLE
493,2,1767247740000,2026-01-01T06:09:00Z,SYNTHETIC_IMPORT,SAMPLE
494,15,1767247785000,2026-01-01T06:09:45Z,SYNTHETIC_IMPORT,SAMPLE
495,31,1767247830000,2026-01-01T06:10:30Z,SYNTHETIC_IMPORT,SAMPLE
496,14,1767247875000,2026-01-01T06:11:15Z,SYNTHETIC_IMPORT,SAMPLE
497,1,1767247920000,2026-01-01T06:12:00Z,SYNTHETIC_IMPORT,SAMPLE
498,23,1767247965000,2026-01-01T06:12:45Z,SYNTHETIC_IMPORT,SAMPLE
499,32,1767248010000,2026-01-01T06:13:30Z,SYNTHETIC_IMPORT,SAMPLE
500,28,1767248055000,2026-01-01T06:14:15Z,SYNTHETIC_IMPORT,SAMPLE
501,4,1767248100000,2026-01-01T06:15:00Z,SYNTHETIC_IMPORT,SAMPLE
502,28,1767248145000,2026-01-01T06:15:45Z,SYNTHETIC_IMPORT,SAMPLE
503,23,1767248190000,2026-01-01T06:16:30Z,SYNTHETIC_IMPORT,SAMPLE
504,23,1767248235000,2026-01-01T06:17:15Z,SYNTHETIC_IMPORT,SAMPLE
505,4,1767248280000,2026-01-01T06:18:00Z,SYNTHETIC_IMPORT,SAMPLE
506,17,1767248325000,2026-01-01T06:18:45Z,SYNTHETIC_IMPORT,SAMPLE
507,36,1767248370000,2026-01-01T06:19:30Z,SYNTHETIC_IMPORT,SAMPLE
508,21,1767248415000,2026-01-01T06:20:15Z,SYNTHETIC_IMPORT,SAMPLE
509,21,1767248460000,2026-01-01T06:21:00Z,SYNTHETIC_IMPORT,SAMPLE
510,21,1767248505000,2026-01-01T06:21:45Z,SYNTHETIC_IMPORT,SAMPLE
511,18,1767248550000,2026-01-01T06:22:30Z,SYNTHETIC_IMPORT,SAMPLE
512,13,1767248595000,2026-01-01T06:23:15Z,SYNTHETIC_IMPORT,SAMPLE
513,33,1767248640000,2026-01-01T06:24:00Z,SYNTHETIC_IMPORT,SAMPLE
514,24,1767248685000,2026-01-01T06:24:45Z,SYNTHETIC_IMPORT,SAMPLE
515,26,1767248730000,2026-01-01T06:25:30Z,SYNTHETIC_IMPORT,SAMPLE
516,2,1767248775000,2026-01-01T06:26:15Z,SYNTHETIC_IMPORT,SAMPLE
517,28,1767248820000,2026-01-01T06:27:00Z,SYNTHETIC_IMPORT,SAMPLE
518,32,1767248865000,2026-01-01T06:27:45Z,SYNTHETIC_IMPORT,SAMPLE
519,35,1767248910000,2026-01-01T06:28:30Z,SYNTHETIC_IMPORT,SAMPLE
520,15,1767248955000,2026-01-01T06:29:15Z,SYNTHETIC_IMPORT,SAMPLE
521,4,1767249000000,2026-01-01T06:30:00Z,SYNTHETIC_IMPORT,SAMPLE
522,23,1767249045000,2026-01-01T06:30:45Z,SYNTHETIC_IMPORT,SAMPLE
523,12,1767249090000,2026-01-01T06:31:30Z,SYNTHETIC_IMPORT,SAMPLE
524,22,1767249135000,2026-01-01T06:32:15Z,SYNTHETIC_IMPORT,SAMPLE
525,24,1767249180000,2026-01-01T06:33:00Z,SYNTHETIC_IMPORT,SAMPLE
526,12,1767249225000,2026-01-01T06:33:45Z,SYNTHETIC_IMPORT,SAMPLE
527,7,1767249270000,2026-01-01T06:34:30Z,SYNTHETIC_IMPORT,SAMPLE
528,27,1767249315000,2026-01-01T06:35:15Z,SYNTHETIC_IMPORT,SAMPLE
529,22,1767249360000,2026-01-01T06:36:00Z,SYNTHETIC_IMPORT,SAMPLE
530,23,1767249405000,2026-01-01T06:36:45Z,SYNTHETIC_IMPORT,SAMPLE
531,34,1767249450000,2026-01-01T06:37:30Z,SYNTHETIC_IMPORT,SAMPLE
532,28,1767249495000,2026-01-01T06:38:15Z,SYNTHETIC_IMPORT,SAMPLE
533,29,1767249540000,2026-01-01T06:39:00Z,SYNTHETIC_IMPORT,SAMPLE
534,6,1767249585000,2026-01-01T06:39:45Z,SYNTHETIC_IMPORT,SAMPLE
535,28,1767249630000,2026-01-01T06:40:30Z,SYNTHETIC_IMPORT,SAMPLE
536,19,1767249675000,2026-01-01T06:41:15Z,SYNTHETIC_IMPORT,SAMPLE
537,0,1767249720000,2026-01-01T06:42:00Z,SYNTHETIC_IMPORT,SAMPLE
538,0,1767249765000,2026-01-01T06:42:45Z,SYNTHETIC_IMPORT,SAMPLE
539,13,1767249810000,2026-01-01T06:43:30Z,SYNTHETIC_IMPORT,SAMPLE
540,22,1767249855000,2026-01-01T06:44:15Z,SYNTHETIC_IMPORT,SAMPLE
541,28,1767249900000,2026-01-01T06:45:00Z,SYNTHETIC_IMPORT,SAMPLE
542,0,1767249945000,2026-01-01T06:45:45Z,SYNTHETIC_IMPORT,SAMPLE
543,36,1767249990000,2026-01-01T06:46:30Z,SYNTHETIC_IMPORT,SAMPLE
544,35,1767250035000,2026-01-01T06:47:15Z,SYNTHETIC_IMPORT,SAMPLE
545,5,1767250080000,2026-01-01T06:48:00Z,SYNTHETIC_IMPORT,SAMPLE
546,33,1767250125000,2026-01-01T06:48:45Z,SYNTHETIC_IMPORT,SAMPLE
547,29,1767250170000,2026-01-01T06:49:30Z,SYNTHETIC_IMPORT,SAMPLE
548,0,1767250215000,2026-01-01T06:50:15Z,SYNTHETIC_IMPORT,SAMPLE
549,31,1767250260000,2026-01-01T06:51:00Z,SYNTHETIC_IMPORT,SAMPLE
550,14,1767250305000,2026-01-01T06:51:45Z,SYNTHETIC_IMPORT,SAMPLE
551,30,1767250350000,2026-01-01T06:52:30Z,SYNTHETIC_IMPORT,SAMPLE
552,31,1767250395000,2026-01-01T06:53:15Z,SYNTHETIC_IMPORT,SAMPLE
553,24,1767250440000,2026-01-01T06:54:00Z,SYNTHETIC_IMPORT,SAMPLE
554,23,1767250485000,2026-01-01T06:54:45Z,SYNTHETIC_IMPORT,SAMPLE
555,35,1767250530000,2026-01-01T06:55:30Z,SYNTHETIC_IMPORT,SAMPLE
556,22,1767250575000,2026-01-01T06:56:15Z,SYNTHETIC_IMPORT,SAMPLE
557,12,1767250620000,2026-01-01T06:57:00Z,SYNTHETIC_IMPORT,SAMPLE
558,28,1767250665000,2026-01-01T06:57:45Z,SYNTHETIC_IMPORT,SAMPLE
559,24,1767250710000,2026-01-01T06:58:30Z,SYNTHETIC_IMPORT,SAMPLE
560,5,1767250755000,2026-01-01T06:59:15Z,SYNTHETIC_IMPORT,SAMPLE
561,34,1767250800000,2026-01-01T07:00:00Z,SYNTHETIC_IMPORT,SAMPLE
562,18,1767250845000,2026-01-01T07:00:45Z,SYNTHETIC_IMPORT,SAMPLE
563,5,1767250890000,2026-01-01T07:01:30Z,SYNTHETIC_IMPORT,SAMPLE
564,34,1767250935000,2026-01-01T07:02:15Z,SYNTHETIC_IMPORT,SAMPLE
565,3,1767250980000,2026-01-01T07:03:00Z,SYNTHETIC_IMPORT,SAMPLE
566,0,1767251025000,2026-01-01T07:03:45Z,SYNTHETIC_IMPORT,SAMPLE
567,18,1767251070000,2026-01-01T07:04:30Z,SYNTHETIC_IMPORT,SAMPLE
568,5,1767251115000,2026-01-01T07:05:15Z,SYNTHETIC_IMPORT,SAMPLE
569,6,1767251160000,2026-01-01T07:06:00Z,SYNTHETIC_IMPORT,SAMPLE
570,3,1767251205000,2026-01-01T07:06:45Z,SYNTHETIC_IMPORT,SAMPLE
571,7,1767251250000,2026-01-01T07:07:30Z,SYNTHETIC_IMPORT,SAMPLE
572,3,1767251295000,2026-01-01T07:08:15Z,SYNTHETIC_IMPORT,SAMPLE
573,1,1767251340000,2026-01-01T07:09:00Z,SYNTHETIC_IMPORT,SAMPLE
574,33,1767251385000,2026-01-01T07:09:45Z,SYNTHETIC_IMPORT,SAMPLE
575,0,1767251430000,2026-01-01T07:10:30Z,SYNTHETIC_IMPORT,SAMPLE
576,26,1767251475000,2026-01-01T07:11:15Z,SYNTHETIC_IMPORT,SAMPLE
577,9,1767251520000,2026-01-01T07:12:00Z,SYNTHETIC_IMPORT,SAMPLE
578,17,1767251565000,2026-01-01T07:12:45Z,SYNTHETIC_IMPORT,SAMPLE
579,7,1767251610000,2026-01-01T07:13:30Z,SYNTHETIC_IMPORT,SAMPLE
580,3,1767251655000,2026-01-01T07:14:15Z,SYNTHETIC_IMPORT,SAMPLE
581,16,1767251700000,2026-01-01T07:15:00Z,SYNTHETIC_IMPORT,SAMPLE
582,27,1767251745000,2026-01-01T07:15:45Z,SYNTHETIC_IMPORT,SAMPLE
583,15,1767251790000,2026-01-01T07:16:30Z,SYNTHETIC_IMPORT,SAMPLE
584,25,1767251835000,2026-01-01T07:17:15Z,SYNTHETIC_IMPORT,SAMPLE
585,28,1767251880000,2026-01-01T07:18:00Z,SYNTHETIC_IMPORT,SAMPLE
586,4,1767251925000,2026-01-01T07:18:45Z,SYNTHETIC_IMPORT,SAMPLE
587,10,1767251970000,2026-01-01T07:19:30Z,SYNTHETIC_IMPORT,SAMPLE
588,31,1767252015000,2026-01-01T07:20:15Z,SYNTHETIC_IMPORT,SAMPLE
589,12,1767252060000,2026-01-01T07:21:00Z,SYNTHETIC_IMPORT,SAMPLE
590,6,1767252105000,2026-01-01T07:21:45Z,SYNTHETIC_IMPORT,SAMPLE
591,35,1767252150000,2026-01-01T07:22:30Z,SYNTHETIC_IMPORT,SAMPLE
592,6,1767252195000,2026-01-01T07:23:15Z,SYNTHETIC_IMPORT,SAMPLE
593,11,1767252240000,2026-01-01T07:24:00Z,SYNTHETIC_IMPORT,SAMPLE
594,10,1767252285000,2026-01-01T07:24:45Z,SYNTHETIC_IMPORT,SAMPLE
595,10,1767252330000,2026-01-01T07:25:30Z,SYNTHETIC_IMPORT,SAMPLE
596,11,1767252375000,2026-01-01T07:26:15Z,SYNTHETIC_IMPORT,SAMPLE
597,7,1767252420000,2026-01-01T07:27:00Z,SYNTHETIC_IMPORT,SAMPLE
598,5,1767252465000,2026-01-01T07:27:45Z,SYNTHETIC_IMPORT,SAMPLE
599,28,1767252510000,2026-01-01T07:28:30Z,SYNTHETIC_IMPORT,SAMPLE
600,2,1767252555000,2026-01-01T07:29:15Z,SYNTHETIC_IMPORT,SAMPLE
601,10,1767252600000,2026-01-01T07:30:00Z,SYNTHETIC_IMPORT,SAMPLE
602,2,1767252645000,2026-01-01T07:30:45Z,SYNTHETIC_IMPORT,SAMPLE
603,25,1767252690000,2026-01-01T07:31:30Z,SYNTHETIC_IMPORT,SAMPLE
604,19,1767252735000,2026-01-01T07:32:15Z,SYNTHETIC_IMPORT,SAMPLE
605,7,1767252780000,2026-01-01T07:33:00Z,SYNTHETIC_IMPORT,SAMPLE
606,17,1767252825000,2026-01-01T07:33:45Z,SYNTHETIC_IMPORT,SAMPLE
607,31,1767252870000,2026-01-01T07:34:30Z,SYNTHETIC_IMPORT,SAMPLE
608,2,1767252915000,2026-01-01T07:35:15Z,SYNTHETIC_IMPORT,SAMPLE
609,32,1767252960000,2026-01-01T07:36:00Z,SYNTHETIC_IMPORT,SAMPLE
610,25,1767253005000,2026-01-01T07:36:45Z,SYNTHETIC_IMPORT,SAMPLE
611,26,1767253050000,2026-01-01T07:37:30Z,SYNTHETIC_IMPORT,SAMPLE
612,9,1767253095000,2026-01-01T07:38:15Z,SYNTHETIC_IMPORT,SAMPLE
613,9,1767253140000,2026-01-01T07:39:00Z,SYNTHETIC_IMPORT,SAMPLE
614,23,1767253185000,2026-01-01T07:39:45Z,SYNTHETIC_IMPORT,SAMPLE
615,10,1767253230000,2026-01-01T07:40:30Z,SYNTHETIC_IMPORT,SAMPLE
616,4,1767253275000,2026-01-01T07:41:15Z,SYNTHETIC_IMPORT,SAMPLE
617,14,1767253320000,2026-01-01T07:42:00Z,SYNTHETIC_IMPORT,SAMPLE
618,7,1767253365000,2026-01-01T07:42:45Z,SYNTHETIC_IMPORT,SAMPLE
619,2,1767253410000,2026-01-01T07:43:30Z,SYNTHETIC_IMPORT,SAMPLE
620,5,1767253455000,2026-01-01T07:44:15Z,SYNTHETIC_IMPORT,SAMPLE
621,0,1767253500000,2026-01-01T07:45:00Z,SYNTHETIC_IMPORT,SAMPLE
622,17,1767253545000,2026-01-01T07:45:45Z,SYNTHETIC_IMPORT,SAMPLE
623,32,1767253590000,2026-01-01T07:46:30Z,SYNTHETIC_IMPORT,SAMPLE
624,1,1767253635000,2026-01-01T07:47:15Z,SYNTHETIC_IMPORT,SAMPLE
625,6,1767253680000,2026-01-01T07:48:00Z,SYNTHETIC_IMPORT,SAMPLE
626,3,1767253725000,2026-01-01T07:48:45Z,SYNTHETIC_IMPORT,SAMPLE
627,5,1767253770000,2026-01-01T07:49:30Z,SYNTHETIC_IMPORT,SAMPLE
628,31,1767253815000,2026-01-01T07:50:15Z,SYNTHETIC_IMPORT,SAMPLE
629,25,1767253860000,2026-01-01T07:51:00Z,SYNTHETIC_IMPORT,SAMPLE
630,7,1767253905000,2026-01-01T07:51:45Z,SYNTHETIC_IMPORT,SAMPLE
631,30,1767253950000,2026-01-01T07:52:30Z,SYNTHETIC_IMPORT,SAMPLE
632,18,1767253995000,2026-01-01T07:53:15Z,SYNTHETIC_IMPORT,SAMPLE
633,11,1767254040000,2026-01-01T07:54:00Z,SYNTHETIC_IMPORT,SAMPLE
634,32,1767254085000,2026-01-01T07:54:45Z,SYNTHETIC_IMPORT,SAMPLE
635,30,1767254130000,2026-01-01T07:55:30Z,SYNTHETIC_IMPORT,SAMPLE
636,24,1767254175000,2026-01-01T07:56:15Z,SYNTHETIC_IMPORT,SAMPLE
637,15,1767254220000,2026-01-01T07:57:00Z,SYNTHETIC_IMPORT,SAMPLE
638,22,1767254265000,2026-01-01T07:57:45Z,SYNTHETIC_IMPORT,SAMPLE
639,8,1767254310000,2026-01-01T07:58:30Z,SYNTHETIC_IMPORT,SAMPLE
640,1,1767254355000,2026-01-01T07:59:15Z,SYNTHETIC_IMPORT,SAMPLE
641,5,1767254400000,2026-01-01T08:00:00Z,SYNTHETIC_IMPORT,SAMPLE
642,13,1767254445000,2026-01-01T08:00:45Z,SYNTHETIC_IMPORT,SAMPLE
643,23,1767254490000,2026-01-01T08:01:30Z,SYNTHETIC_IMPORT,SAMPLE
644,33,1767254535000,2026-01-01T08:02:15Z,SYNTHETIC_IMPORT,SAMPLE
645,7,1767254580000,2026-01-01T08:03:00Z,SYNTHETIC_IMPORT,SAMPLE
646,13,1767254625000,2026-01-01T08:03:45Z,SYNTHETIC_IMPORT,SAMPLE
647,24,1767254670000,2026-01-01T08:04:30Z,SYNTHETIC_IMPORT,SAMPLE
648,30,1767254715000,2026-01-01T08:05:15Z,SYNTHETIC_IMPORT,SAMPLE
649,23,1767254760000,2026-01-01T08:06:00Z,SYNTHETIC_IMPORT,SAMPLE
650,24,1767254805000,2026-01-01T08:06:45Z,SYNTHETIC_IMPORT,SAMPLE
651,15,1767254850000,2026-01-01T08:07:30Z,SYNTHETIC_IMPORT,SAMPLE
652,13,1767254895000,2026-01-01T08:08:15Z,SYNTHETIC_IMPORT,SAMPLE
653,21,1767254940000,2026-01-01T08:09:00Z,SYNTHETIC_IMPORT,SAMPLE
654,10,1767254985000,2026-01-01T08:09:45Z,SYNTHETIC_IMPORT,SAMPLE
655,13,1767255030000,2026-01-01T08:10:30Z,SYNTHETIC_IMPORT,SAMPLE
656,35,1767255075000,2026-01-01T08:11:15Z,SYNTHETIC_IMPORT,SAMPLE
657,36,1767255120000,2026-01-01T08:12:00Z,SYNTHETIC_IMPORT,SAMPLE
658,1,1767255165000,2026-01-01T08:12:45Z,SYNTHETIC_IMPORT,SAMPLE
659,19,1767255210000,2026-01-01T08:13:30Z,SYNTHETIC_IMPORT,SAMPLE
660,23,1767255255000,2026-01-01T08:14:15Z,SYNTHETIC_IMPORT,SAMPLE
661,23,1767255300000,2026-01-01T08:15:00Z,SYNTHETIC_IMPORT,SAMPLE
662,24,1767255345000,2026-01-01T08:15:45Z,SYNTHETIC_IMPORT,SAMPLE
663,5,1767255390000,2026-01-01T08:16:30Z,SYNTHETIC_IMPORT,SAMPLE
664,29,1767255435000,2026-01-01T08:17:15Z,SYNTHETIC_IMPORT,SAMPLE
665,22,1767255480000,2026-01-01T08:18:00Z,SYNTHETIC_IMPORT,SAMPLE
666,19,1767255525000,2026-01-01T08:18:45Z,SYNTHETIC_IMPORT,SAMPLE
667,20,1767255570000,2026-01-01T08:19:30Z,SYNTHETIC_IMPORT,SAMPLE
668,22,1767255615000,2026-01-01T08:20:15Z,SYNTHETIC_IMPORT,SAMPLE
669,3,1767255660000,2026-01-01T08:21:00Z,SYNTHETIC_IMPORT,SAMPLE
670,20,1767255705000,2026-01-01T08:21:45Z,SYNTHETIC_IMPORT,SAMPLE
671,24,1767255750000,2026-01-01T08:22:30Z,SYNTHETIC_IMPORT,SAMPLE
672,29,1767255795000,2026-01-01T08:23:15Z,SYNTHETIC_IMPORT,SAMPLE
673,10,1767255840000,2026-01-01T08:24:00Z,SYNTHETIC_IMPORT,SAMPLE
674,15,1767255885000,2026-01-01T08:24:45Z,SYNTHETIC_IMPORT,SAMPLE
675,2,1767255930000,2026-01-01T08:25:30Z,SYNTHETIC_IMPORT,SAMPLE
676,23,1767255975000,2026-01-01T08:26:15Z,SYNTHETIC_IMPORT,SAMPLE
677,10,1767256020000,2026-01-01T08:27:00Z,SYNTHETIC_IMPORT,SAMPLE
678,17,1767256065000,2026-01-01T08:27:45Z,SYNTHETIC_IMPORT,SAMPLE
679,24,1767256110000,2026-01-01T08:28:30Z,SYNTHETIC_IMPORT,SAMPLE
680,17,1767256155000,2026-01-01T08:29:15Z,SYNTHETIC_IMPORT,SAMPLE
681,24,1767256200000,2026-01-01T08:30:00Z,SYNTHETIC_IMPORT,SAMPLE
682,36,1767256245000,2026-01-01T08:30:45Z,SYNTHETIC_IMPORT,SAMPLE
683,2,1767256290000,2026-01-01T08:31:30Z,SYNTHETIC_IMPORT,SAMPLE
684,13,1767256335000,2026-01-01T08:32:15Z,SYNTHETIC_IMPORT,SAMPLE
685,3,1767256380000,2026-01-01T08:33:00Z,SYNTHETIC_IMPORT,SAMPLE
686,25,1767256425000,2026-01-01T08:33:45Z,SYNTHETIC_IMPORT,SAMPLE
687,36,1767256470000,2026-01-01T08:34:30Z,SYNTHETIC_IMPORT,SAMPLE
688,36,1767256515000,2026-01-01T08:35:15Z,SYNTHETIC_IMPORT,SAMPLE
689,5,1767256560000,2026-01-01T08:36:00Z,SYNTHETIC_IMPORT,SAMPLE
690,26,1767256605000,2026-01-01T08:36:45Z,SYNTHETIC_IMPORT,SAMPLE
691,12,1767256650000,2026-01-01T08:37:30Z,SYNTHETIC_IMPORT,SAMPLE
692,4,1767256695000,2026-01-01T08:38:15Z,SYNTHETIC_IMPORT,SAMPLE
693,25,1767256740000,2026-01-01T08:39:00Z,SYNTHETIC_IMPORT,SAMPLE
694,23,1767256785000,2026-01-01T08:39:45Z,SYNTHETIC_IMPORT,SAMPLE
695,29,1767256830000,2026-01-01T08:40:30Z,SYNTHETIC_IMPORT,SAMPLE
696,10,1767256875000,2026-01-01T08:41:15Z,SYNTHETIC_IMPORT,SAMPLE
697,7,1767256920000,2026-01-01T08:42:00Z,SYNTHETIC_IMPORT,SAMPLE
698,35,1767256965000,2026-01-01T08:42:45Z,SYNTHETIC_IMPORT,SAMPLE
699,16,1767257010000,2026-01-01T08:43:30Z,SYNTHETIC_IMPORT,SAMPLE
700,28,1767257055000,2026-01-01T08:44:15Z,SYNTHETIC_IMPORT,SAMPLE
701,36,1767257100000,2026-01-01T08:45:00Z,SYNTHETIC_IMPORT,SAMPLE
702,11,1767257145000,2026-01-01T08:45:45Z,SYNTHETIC_IMPORT,SAMPLE
703,36,1767257190000,2026-01-01T08:46:30Z,SYNTHETIC_IMPORT,SAMPLE
704,19,1767257235000,2026-01-01T08:47:15Z,SYNTHETIC_IMPORT,SAMPLE
705,31,1767257280000,2026-01-01T08:48:00Z,SYNTHETIC_IMPORT,SAMPLE
706,19,1767257325000,2026-01-01T08:48:45Z,SYNTHETIC_IMPORT,SAMPLE
707,18,1767257370000,2026-01-01T08:49:30Z,SYNTHETIC_IMPORT,SAMPLE
708,30,1767257415000,2026-01-01T08:50:15Z,SYNTHETIC_IMPORT,SAMPLE
709,20,1767257460000,2026-01-01T08:51:00Z,SYNTHETIC_IMPORT,SAMPLE
710,32,1767257505000,2026-01-01T08:51:45Z,SYNTHETIC_IMPORT,SAMPLE
711,8,1767257550000,2026-01-01T08:52:30Z,SYNTHETIC_IMPORT,SAMPLE
712,7,1767257595000,2026-01-01T08:53:15Z,SYNTHETIC_IMPORT,SAMPLE
713,33,1767257640000,2026-01-01T08:54:00Z,SYNTHETIC_IMPORT,SAMPLE
714,30,1767257685000,2026-01-01T08:54:45Z,SYNTHETIC_IMPORT,SAMPLE
715,13,1767257730000,2026-01-01T08:55:30Z,SYNTHETIC_IMPORT,SAMPLE
716,18,1767257775000,2026-01-01T08:56:15Z,SYNTHETIC_IMPORT,SAMPLE
717,34,1767257820000,2026-01-01T08:57:00Z,SYNTHETIC_IMPORT,SAMPLE
718,15,1767257865000,2026-01-01T08:57:45Z,SYNTHETIC_IMPORT,SAMPLE
719,3,1767257910000,2026-01-01T08:58:30Z,SYNTHETIC_IMPORT,SAMPLE
720,35,1767257955000,2026-01-01T08:59:15Z,SYNTHETIC_IMPORT,SAMPLE
721,11,1767258000000,2026-01-01T09:00:00Z,SYNTHETIC_IMPORT,SAMPLE
722,10,1767258045000,2026-01-01T09:00:45Z,SYNTHETIC_IMPORT,SAMPLE
723,18,1767258090000,2026-01-01T09:01:30Z,SYNTHETIC_IMPORT,SAMPLE
724,4,1767258135000,2026-01-01T09:02:15Z,SYNTHETIC_IMPORT,SAMPLE
725,8,1767258180000,2026-01-01T09:03:00Z,SYNTHETIC_IMPORT,SAMPLE
726,36,1767258225000,2026-01-01T09:03:45Z,SYNTHETIC_IMPORT,SAMPLE
727,11,1767258270000,2026-01-01T09:04:30Z,SYNTHETIC_IMPORT,SAMPLE
728,33,1767258315000,2026-01-01T09:05:15Z,SYNTHETIC_IMPORT,SAMPLE
729,34,1767258360000,2026-01-01T09:06:00Z,SYNTHETIC_IMPORT,SAMPLE
730,18,1767258405000,2026-01-01T09:06:45Z,SYNTHETIC_IMPORT,SAMPLE
731,25,1767258450000,2026-01-01T09:07:30Z,SYNTHETIC_IMPORT,SAMPLE
732,2,1767258495000,2026-01-01T09:08:15Z,SYNTHETIC_IMPORT,SAMPLE
733,30,1767258540000,2026-01-01T09:09:00Z,SYNTHETIC_IMPORT,SAMPLE
734,15,1767258585000,2026-01-01T09:09:45Z,SYNTHETIC_IMPORT,SAMPLE
735,30,1767258630000,2026-01-01T09:10:30Z,SYNTHETIC_IMPORT,SAMPLE
736,33,1767258675000,2026-01-01T09:11:15Z,SYNTHETIC_IMPORT,SAMPLE
737,31,1767258720000,2026-01-01T09:12:00Z,SYNTHETIC_IMPORT,SAMPLE
738,33,1767258765000,2026-01-01T09:12:45Z,SYNTHETIC_IMPORT,SAMPLE
739,10,1767258810000,2026-01-01T09:13:30Z,SYNTHETIC_IMPORT,SAMPLE
740,12,1767258855000,2026-01-01T09:14:15Z,SYNTHETIC_IMPORT,SAMPLE
741,10,1767258900000,2026-01-01T09:15:00Z,SYNTHETIC_IMPORT,SAMPLE
742,32,1767258945000,2026-01-01T09:15:45Z,SYNTHETIC_IMPORT,SAMPLE
743,15,1767258990000,2026-01-01T09:16:30Z,SYNTHETIC_IMPORT,SAMPLE
744,8,1767259035000,2026-01-01T09:17:15Z,SYNTHETIC_IMPORT,SAMPLE
745,6,1767259080000,2026-01-01T09:18:00Z,SYNTHETIC_IMPORT,SAMPLE
746,2,1767259125000,2026-01-01T09:18:45Z,SYNTHETIC_IMPORT,SAMPLE
747,30,1767259170000,2026-01-01T09:19:30Z,SYNTHETIC_IMPORT,SAMPLE
748,35,1767259215000,2026-01-01T09:20:15Z,SYNTHETIC_IMPORT,SAMPLE
749,0,1767259260000,2026-01-01T09:21:00Z,SYNTHETIC_IMPORT,SAMPLE
750,8,1767259305000,2026-01-01T09:21:45Z,SYNTHETIC_IMPORT,SAMPLE
751,9,1767259350000,2026-01-01T09:22:30Z,SYNTHETIC_IMPORT,SAMPLE
752,27,1767259395000,2026-01-01T09:23:15Z,SYNTHETIC_IMPORT,SAMPLE
753,25,1767259440000,2026-01-01T09:24:00Z,SYNTHETIC_IMPORT,SAMPLE
754,32,1767259485000,2026-01-01T09:24:45Z,SYNTHETIC_IMPORT,SAMPLE
755,23,1767259530000,2026-01-01T09:25:30Z,SYNTHETIC_IMPORT,SAMPLE
756,26,1767259575000,2026-01-01T09:26:15Z,SYNTHETIC_IMPORT,SAMPLE
757,19,1767259620000,2026-01-01T09:27:00Z,SYNTHETIC_IMPORT,SAMPLE
758,11,1767259665000,2026-01-01T09:27:45Z,SYNTHETIC_IMPORT,SAMPLE
759,20,1767259710000,2026-01-01T09:28:30Z,SYNTHETIC_IMPORT,SAMPLE
760,32,1767259755000,2026-01-01T09:29:15Z,SYNTHETIC_IMPORT,SAMPLE
761,14,1767259800000,2026-01-01T09:30:00Z,SYNTHETIC_IMPORT,SAMPLE
762,12,1767259845000,2026-01-01T09:30:45Z,SYNTHETIC_IMPORT,SAMPLE
763,24,1767259890000,2026-01-01T09:31:30Z,SYNTHETIC_IMPORT,SAMPLE
764,28,1767259935000,2026-01-01T09:32:15Z,SYNTHETIC_IMPORT,SAMPLE
765,22,1767259980000,2026-01-01T09:33:00Z,SYNTHETIC_IMPORT,SAMPLE
766,2,1767260025000,2026-01-01T09:33:45Z,SYNTHETIC_IMPORT,SAMPLE
767,36,1767260070000,2026-01-01T09:34:30Z,SYNTHETIC_IMPORT,SAMPLE
768,10,1767260115000,2026-01-01T09:35:15Z,SYNTHETIC_IMPORT,SAMPLE
769,14,1767260160000,2026-01-01T09:36:00Z,SYNTHETIC_IMPORT,SAMPLE
770,6,1767260205000,2026-01-01T09:36:45Z,SYNTHETIC_IMPORT,SAMPLE
771,5,1767260250000,2026-01-01T09:37:30Z,SYNTHETIC_IMPORT,SAMPLE
772,1,1767260295000,2026-01-01T09:38:15Z,SYNTHETIC_IMPORT,SAMPLE
773,2,1767260340000,2026-01-01T09:39:00Z,SYNTHETIC_IMPORT,SAMPLE
774,5,1767260385000,2026-01-01T09:39:45Z,SYNTHETIC_IMPORT,SAMPLE
775,16,1767260430000,2026-01-01T09:40:30Z,SYNTHETIC_IMPORT,SAMPLE
776,17,1767260475000,2026-01-01T09:41:15Z,SYNTHETIC_IMPORT,SAMPLE
777,32,1767260520000,2026-01-01T09:42:00Z,SYNTHETIC_IMPORT,SAMPLE
778,26,1767260565000,2026-01-01T09:42:45Z,SYNTHETIC_IMPORT,SAMPLE
779,35,1767260610000,2026-01-01T09:43:30Z,SYNTHETIC_IMPORT,SAMPLE
780,34,1767260655000,2026-01-01T09:44:15Z,SYNTHETIC_IMPORT,SAMPLE
781,16,1767260700000,2026-01-01T09:45:00Z,SYNTHETIC_IMPORT,SAMPLE
782,15,1767260745000,2026-01-01T09:45:45Z,SYNTHETIC_IMPORT,SAMPLE
783,18,1767260790000,2026-01-01T09:46:30Z,SYNTHETIC_IMPORT,SAMPLE
784,28,1767260835000,2026-01-01T09:47:15Z,SYNTHETIC_IMPORT,SAMPLE
785,25,1767260880000,2026-01-01T09:48:00Z,SYNTHETIC_IMPORT,SAMPLE
786,4,1767260925000,2026-01-01T09:48:45Z,SYNTHETIC_IMPORT,SAMPLE
787,36,1767260970000,2026-01-01T09:49:30Z,SYNTHETIC_IMPORT,SAMPLE
788,14,1767261015000,2026-01-01T09:50:15Z,SYNTHETIC_IMPORT,SAMPLE
789,9,1767261060000,2026-01-01T09:51:00Z,SYNTHETIC_IMPORT,SAMPLE
790,21,1767261105000,2026-01-01T09:51:45Z,SYNTHETIC_IMPORT,SAMPLE
791,13,1767261150000,2026-01-01T09:52:30Z,SYNTHETIC_IMPORT,SAMPLE
792,24,1767261195000,2026-01-01T09:53:15Z,SYNTHETIC_IMPORT,SAMPLE
793,29,1767261240000,2026-01-01T09:54:00Z,SYNTHETIC_IMPORT,SAMPLE
794,7,1767261285000,2026-01-01T09:54:45Z,SYNTHETIC_IMPORT,SAMPLE
795,10,1767261330000,2026-01-01T09:55:30Z,SYNTHETIC_IMPORT,SAMPLE
796,21,1767261375000,2026-01-01T09:56:15Z,SYNTHETIC_IMPORT,SAMPLE
797,27,1767261420000,2026-01-01T09:57:00Z,SYNTHETIC_IMPORT,SAMPLE
798,33,1767261465000,2026-01-01T09:57:45Z,SYNTHETIC_IMPORT,SAMPLE
799,16,1767261510000,2026-01-01T09:58:30Z,SYNTHETIC_IMPORT,SAMPLE
800,4,1767261555000,2026-01-01T09:59:15Z,SYNTHETIC_IMPORT,SAMPLE
801,28,1767261600000,2026-01-01T10:00:00Z,SYNTHETIC_IMPORT,SAMPLE
802,19,1767261645000,2026-01-01T10:00:45Z,SYNTHETIC_IMPORT,SAMPLE
803,22,1767261690000,2026-01-01T10:01:30Z,SYNTHETIC_IMPORT,SAMPLE
804,17,1767261735000,2026-01-01T10:02:15Z,SYNTHETIC_IMPORT,SAMPLE
805,14,1767261780000,2026-01-01T10:03:00Z,SYNTHETIC_IMPORT,SAMPLE
806,36,1767261825000,2026-01-01T10:03:45Z,SYNTHETIC_IMPORT,SAMPLE
807,9,1767261870000,2026-01-01T10:04:30Z,SYNTHETIC_IMPORT,SAMPLE
808,25,1767261915000,2026-01-01T10:05:15Z,SYNTHETIC_IMPORT,SAMPLE
809,6,1767261960000,2026-01-01T10:06:00Z,SYNTHETIC_IMPORT,SAMPLE
810,5,1767262005000,2026-01-01T10:06:45Z,SYNTHETIC_IMPORT,SAMPLE
811,29,1767262050000,2026-01-01T10:07:30Z,SYNTHETIC_IMPORT,SAMPLE
812,3,1767262095000,2026-01-01T10:08:15Z,SYNTHETIC_IMPORT,SAMPLE
813,5,1767262140000,2026-01-01T10:09:00Z,SYNTHETIC_IMPORT,SAMPLE
814,29,1767262185000,2026-01-01T10:09:45Z,SYNTHETIC_IMPORT,SAMPLE
815,23,1767262230000,2026-01-01T10:10:30Z,SYNTHETIC_IMPORT,SAMPLE
816,20,1767262275000,2026-01-01T10:11:15Z,SYNTHETIC_IMPORT,SAMPLE
817,15,1767262320000,2026-01-01T10:12:00Z,SYNTHETIC_IMPORT,SAMPLE
818,14,1767262365000,2026-01-01T10:12:45Z,SYNTHETIC_IMPORT,SAMPLE
819,7,1767262410000,2026-01-01T10:13:30Z,SYNTHETIC_IMPORT,SAMPLE
820,10,1767262455000,2026-01-01T10:14:15Z,SYNTHETIC_IMPORT,SAMPLE
821,8,1767262500000,2026-01-01T10:15:00Z,SYNTHETIC_IMPORT,SAMPLE
822,0,1767262545000,2026-01-01T10:15:45Z,SYNTHETIC_IMPORT,SAMPLE
823,12,1767262590000,2026-01-01T10:16:30Z,SYNTHETIC_IMPORT,SAMPLE
824,22,1767262635000,2026-01-01T10:17:15Z,SYNTHETIC_IMPORT,SAMPLE
825,4,1767262680000,2026-01-01T10:18:00Z,SYNTHETIC_IMPORT,SAMPLE
826,21,1767262725000,2026-01-01T10:18:45Z,SYNTHETIC_IMPORT,SAMPLE
827,0,1767262770000,2026-01-01T10:19:30Z,SYNTHETIC_IMPORT,SAMPLE
828,1,1767262815000,2026-01-01T10:20:15Z,SYNTHETIC_IMPORT,SAMPLE
829,4,1767262860000,2026-01-01T10:21:00Z,SYNTHETIC_IMPORT,SAMPLE
830,15,1767262905000,2026-01-01T10:21:45Z,SYNTHETIC_IMPORT,SAMPLE
831,35,1767262950000,2026-01-01T10:22:30Z,SYNTHETIC_IMPORT,SAMPLE
832,0,1767262995000,2026-01-01T10:23:15Z,SYNTHETIC_IMPORT,SAMPLE
833,31,1767263040000,2026-01-01T10:24:00Z,SYNTHETIC_IMPORT,SAMPLE
834,6,1767263085000,2026-01-01T10:24:45Z,SYNTHETIC_IMPORT,SAMPLE
835,6,1767263130000,2026-01-01T10:25:30Z,SYNTHETIC_IMPORT,SAMPLE
836,29,1767263175000,2026-01-01T10:26:15Z,SYNTHETIC_IMPORT,SAMPLE
837,14,1767263220000,2026-01-01T10:27:00Z,SYNTHETIC_IMPORT,SAMPLE
838,34,1767263265000,2026-01-01T10:27:45Z,SYNTHETIC_IMPORT,SAMPLE
839,6,1767263310000,2026-01-01T10:28:30Z,SYNTHETIC_IMPORT,SAMPLE
840,26,1767263355000,2026-01-01T10:29:15Z,SYNTHETIC_IMPORT,SAMPLE
841,29,1767263400000,2026-01-01T10:30:00Z,SYNTHETIC_IMPORT,SAMPLE
842,21,1767263445000,2026-01-01T10:30:45Z,SYNTHETIC_IMPORT,SAMPLE
843,28,1767263490000,2026-01-01T10:31:30Z,SYNTHETIC_IMPORT,SAMPLE
844,29,1767263535000,2026-01-01T10:32:15Z,SYNTHETIC_IMPORT,SAMPLE
845,32,1767263580000,2026-01-01T10:33:00Z,SYNTHETIC_IMPORT,SAMPLE
846,29,1767263625000,2026-01-01T10:33:45Z,SYNTHETIC_IMPORT,SAMPLE
847,6,1767263670000,2026-01-01T10:34:30Z,SYNTHETIC_IMPORT,SAMPLE
848,6,1767263715000,2026-01-01T10:35:15Z,SYNTHETIC_IMPORT,SAMPLE
849,27,1767263760000,2026-01-01T10:36:00Z,SYNTHETIC_IMPORT,SAMPLE
850,23,1767263805000,2026-01-01T10:36:45Z,SYNTHETIC_IMPORT,SAMPLE
851,9,1767263850000,2026-01-01T10:37:30Z,SYNTHETIC_IMPORT,SAMPLE
852,13,1767263895000,2026-01-01T10:38:15Z,SYNTHETIC_IMPORT,SAMPLE
853,24,1767263940000,2026-01-01T10:39:00Z,SYNTHETIC_IMPORT,SAMPLE
854,26,1767263985000,2026-01-01T10:39:45Z,SYNTHETIC_IMPORT,SAMPLE
855,21,1767264030000,2026-01-01T10:40:30Z,SYNTHETIC_IMPORT,SAMPLE
856,24,1767264075000,2026-01-01T10:41:15Z,SYNTHETIC_IMPORT,SAMPLE
857,9,1767264120000,2026-01-01T10:42:00Z,SYNTHETIC_IMPORT,SAMPLE
858,27,1767264165000,2026-01-01T10:42:45Z,SYNTHETIC_IMPORT,SAMPLE
859,9,1767264210000,2026-01-01T10:43:30Z,SYNTHETIC_IMPORT,SAMPLE
860,35,1767264255000,2026-01-01T10:44:15Z,SYNTHETIC_IMPORT,SAMPLE
861,36,1767264300000,2026-01-01T10:45:00Z,SYNTHETIC_IMPORT,SAMPLE
862,27,1767264345000,2026-01-01T10:45:45Z,SYNTHETIC_IMPORT,SAMPLE
863,32,1767264390000,2026-01-01T10:46:30Z,SYNTHETIC_IMPORT,SAMPLE
864,21,1767264435000,2026-01-01T10:47:15Z,SYNTHETIC_IMPORT,SAMPLE
865,7,1767264480000,2026-01-01T10:48:00Z,SYNTHETIC_IMPORT,SAMPLE
866,16,1767264525000,2026-01-01T10:48:45Z,SYNTHETIC_IMPORT,SAMPLE
867,8,1767264570000,2026-01-01T10:49:30Z,SYNTHETIC_IMPORT,SAMPLE
868,2,1767264615000,2026-01-01T10:50:15Z,SYNTHETIC_IMPORT,SAMPLE
869,11,1767264660000,2026-01-01T10:51:00Z,SYNTHETIC_IMPORT,SAMPLE
870,31,1767264705000,2026-01-01T10:51:45Z,SYNTHETIC_IMPORT,SAMPLE
871,28,1767264750000,2026-01-01T10:52:30Z,SYNTHETIC_IMPORT,SAMPLE
872,18,1767264795000,2026-01-01T10:53:15Z,SYNTHETIC_IMPORT,SAMPLE
873,9,1767264840000,2026-01-01T10:54:00Z,SYNTHETIC_IMPORT,SAMPLE
874,0,1767264885000,2026-01-01T10:54:45Z,SYNTHETIC_IMPORT,SAMPLE
875,35,1767264930000,2026-01-01T10:55:30Z,SYNTHETIC_IMPORT,SAMPLE
876,11,1767264975000,2026-01-01T10:56:15Z,SYNTHETIC_IMPORT,SAMPLE
877,31,1767265020000,2026-01-01T10:57:00Z,SYNTHETIC_IMPORT,SAMPLE
878,5,1767265065000,2026-01-01T10:57:45Z,SYNTHETIC_IMPORT,SAMPLE
879,12,1767265110000,2026-01-01T10:58:30Z,SYNTHETIC_IMPORT,SAMPLE
880,4,1767265155000,2026-01-01T10:59:15Z,SYNTHETIC_IMPORT,SAMPLE
881,22,1767265200000,2026-01-01T11:00:00Z,SYNTHETIC_IMPORT,SAMPLE
882,4,1767265245000,2026-01-01T11:00:45Z,SYNTHETIC_IMPORT,SAMPLE
883,8,1767265290000,2026-01-01T11:01:30Z,SYNTHETIC_IMPORT,SAMPLE
884,3,1767265335000,2026-01-01T11:02:15Z,SYNTHETIC_IMPORT,SAMPLE
885,30,1767265380000,2026-01-01T11:03:00Z,SYNTHETIC_IMPORT,SAMPLE
886,0,1767265425000,2026-01-01T11:03:45Z,SYNTHETIC_IMPORT,SAMPLE
887,12,1767265470000,2026-01-01T11:04:30Z,SYNTHETIC_IMPORT,SAMPLE
888,15,1767265515000,2026-01-01T11:05:15Z,SYNTHETIC_IMPORT,SAMPLE
889,6,1767265560000,2026-01-01T11:06:00Z,SYNTHETIC_IMPORT,SAMPLE
890,36,1767265605000,2026-01-01T11:06:45Z,SYNTHETIC_IMPORT,SAMPLE
891,26,1767265650000,2026-01-01T11:07:30Z,SYNTHETIC_IMPORT,SAMPLE
892,9,1767265695000,2026-01-01T11:08:15Z,SYNTHETIC_IMPORT,SAMPLE
893,26,1767265740000,2026-01-01T11:09:00Z,SYNTHETIC_IMPORT,SAMPLE
894,19,1767265785000,2026-01-01T11:09:45Z,SYNTHETIC_IMPORT,SAMPLE
895,23,1767265830000,2026-01-01T11:10:30Z,SYNTHETIC_IMPORT,SAMPLE
896,2,1767265875000,2026-01-01T11:11:15Z,SYNTHETIC_IMPORT,SAMPLE
897,29,1767265920000,2026-01-01T11:12:00Z,SYNTHETIC_IMPORT,SAMPLE
898,1,1767265965000,2026-01-01T11:12:45Z,SYNTHETIC_IMPORT,SAMPLE
899,18,1767266010000,2026-01-01T11:13:30Z,SYNTHETIC_IMPORT,SAMPLE
900,3,1767266055000,2026-01-01T11:14:15Z,SYNTHETIC_IMPORT,SAMPLE
901,6,1767266100000,2026-01-01T11:15:00Z,SYNTHETIC_IMPORT,SAMPLE
902,35,1767266145000,2026-01-01T11:15:45Z,SYNTHETIC_IMPORT,SAMPLE
903,32,1767266190000,2026-01-01T11:16:30Z,SYNTHETIC_IMPORT,SAMPLE
904,23,1767266235000,2026-01-01T11:17:15Z,SYNTHETIC_IMPORT,SAMPLE
905,9,1767266280000,2026-01-01T11:18:00Z,SYNTHETIC_IMPORT,SAMPLE
906,4,1767266325000,2026-01-01T11:18:45Z,SYNTHETIC_IMPORT,SAMPLE
907,3,1767266370000,2026-01-01T11:19:30Z,SYNTHETIC_IMPORT,SAMPLE
908,23,1767266415000,2026-01-01T11:20:15Z,SYNTHETIC_IMPORT,SAMPLE
909,19,1767266460000,2026-01-01T11:21:00Z,SYNTHETIC_IMPORT,SAMPLE
910,18,1767266505000,2026-01-01T11:21:45Z,SYNTHETIC_IMPORT,SAMPLE
911,24,1767266550000,2026-01-01T11:22:30Z,SYNTHETIC_IMPORT,SAMPLE
912,9,1767266595000,2026-01-01T11:23:15Z,SYNTHETIC_IMPORT,SAMPLE
913,28,1767266640000,2026-01-01T11:24:00Z,SYNTHETIC_IMPORT,SAMPLE
914,14,1767266685000,2026-01-01T11:24:45Z,SYNTHETIC_IMPORT,SAMPLE
915,15,1767266730000,2026-01-01T11:25:30Z,SYNTHETIC_IMPORT,SAMPLE
916,27,1767266775000,2026-01-01T11:26:15Z,SYNTHETIC_IMPORT,SAMPLE
917,10,1767266820000,2026-01-01T11:27:00Z,SYNTHETIC_IMPORT,SAMPLE
918,18,1767266865000,2026-01-01T11:27:45Z,SYNTHETIC_IMPORT,SAMPLE
919,18,1767266910000,2026-01-01T11:28:30Z,SYNTHETIC_IMPORT,SAMPLE
920,10,1767266955000,2026-01-01T11:29:15Z,SYNTHETIC_IMPORT,SAMPLE
921,10,1767267000000,2026-01-01T11:30:00Z,SYNTHETIC_IMPORT,SAMPLE
922,24,1767267045000,2026-01-01T11:30:45Z,SYNTHETIC_IMPORT,SAMPLE
923,13,1767267090000,2026-01-01T11:31:30Z,SYNTHETIC_IMPORT,SAMPLE
924,4,1767267135000,2026-01-01T11:32:15Z,SYNTHETIC_IMPORT,SAMPLE
925,34,1767267180000,2026-01-01T11:33:00Z,SYNTHETIC_IMPORT,SAMPLE
926,26,1767267225000,2026-01-01T11:33:45Z,SYNTHETIC_IMPORT,SAMPLE
927,4,1767267270000,2026-01-01T11:34:30Z,SYNTHETIC_IMPORT,SAMPLE
928,18,1767267315000,2026-01-01T11:35:15Z,SYNTHETIC_IMPORT,SAMPLE
929,34,1767267360000,2026-01-01T11:36:00Z,SYNTHETIC_IMPORT,SAMPLE
930,27,1767267405000,2026-01-01T11:36:45Z,SYNTHETIC_IMPORT,SAMPLE
931,7,1767267450000,2026-01-01T11:37:30Z,SYNTHETIC_IMPORT,SAMPLE
932,2,1767267495000,2026-01-01T11:38:15Z,SYNTHETIC_IMPORT,SAMPLE
933,14,1767267540000,2026-01-01T11:39:00Z,SYNTHETIC_IMPORT,SAMPLE
934,29,1767267585000,2026-01-01T11:39:45Z,SYNTHETIC_IMPORT,SAMPLE
935,1,1767267630000,2026-01-01T11:40:30Z,SYNTHETIC_IMPORT,SAMPLE
936,23,1767267675000,2026-01-01T11:41:15Z,SYNTHETIC_IMPORT,SAMPLE
937,28,1767267720000,2026-01-01T11:42:00Z,SYNTHETIC_IMPORT,SAMPLE
938,33,1767267765000,2026-01-01T11:42:45Z,SYNTHETIC_IMPORT,SAMPLE
939,11,1767267810000,2026-01-01T11:43:30Z,SYNTHETIC_IMPORT,SAMPLE
940,12,1767267855000,2026-01-01T11:44:15Z,SYNTHETIC_IMPORT,SAMPLE
941,24,1767267900000,2026-01-01T11:45:00Z,SYNTHETIC_IMPORT,SAMPLE
942,19,1767267945000,2026-01-01T11:45:45Z,SYNTHETIC_IMPORT,SAMPLE
943,25,1767267990000,2026-01-01T11:46:30Z,SYNTHETIC_IMPORT,SAMPLE
944,24,1767268035000,2026-01-01T11:47:15Z,SYNTHETIC_IMPORT,SAMPLE
945,23,1767268080000,2026-01-01T11:48:00Z,SYNTHETIC_IMPORT,SAMPLE
946,24,1767268125000,2026-01-01T11:48:45Z,SYNTHETIC_IMPORT,SAMPLE
947,15,1767268170000,2026-01-01T11:49:30Z,SYNTHETIC_IMPORT,SAMPLE
948,29,1767268215000,2026-01-01T11:50:15Z,SYNTHETIC_IMPORT,SAMPLE
949,9,1767268260000,2026-01-01T11:51:00Z,SYNTHETIC_IMPORT,SAMPLE
950,27,1767268305000,2026-01-01T11:51:45Z,SYNTHETIC_IMPORT,SAMPLE
951,30,1767268350000,2026-01-01T11:52:30Z,SYNTHETIC_IMPORT,SAMPLE
952,23,1767268395000,2026-01-01T11:53:15Z,SYNTHETIC_IMPORT,SAMPLE
953,2,1767268440000,2026-01-01T11:54:00Z,SYNTHETIC_IMPORT,SAMPLE
954,0,1767268485000,2026-01-01T11:54:45Z,SYNTHETIC_IMPORT,SAMPLE
955,19,1767268530000,2026-01-01T11:55:30Z,SYNTHETIC_IMPORT,SAMPLE
956,29,1767268575000,2026-01-01T11:56:15Z,SYNTHETIC_IMPORT,SAMPLE
957,28,1767268620000,2026-01-01T11:57:00Z,SYNTHETIC_IMPORT,SAMPLE
958,33,1767268665000,2026-01-01T11:57:45Z,SYNTHETIC_IMPORT,SAMPLE
959,3,1767268710000,2026-01-01T11:58:30Z,SYNTHETIC_IMPORT,SAMPLE
960,5,1767268755000,2026-01-01T11:59:15Z,SYNTHETIC_IMPORT,SAMPLE
961,27,1767268800000,2026-01-01T12:00:00Z,SYNTHETIC_IMPORT,SAMPLE
962,12,1767268845000,2026-01-01T12:00:45Z,SYNTHETIC_IMPORT,SAMPLE
963,34,1767268890000,2026-01-01T12:01:30Z,SYNTHETIC_IMPORT,SAMPLE
964,33,1767268935000,2026-01-01T12:02:15Z,SYNTHETIC_IMPORT,SAMPLE
965,30,1767268980000,2026-01-01T12:03:00Z,SYNTHETIC_IMPORT,SAMPLE
966,5,1767269025000,2026-01-01T12:03:45Z,SYNTHETIC_IMPORT,SAMPLE
967,7,1767269070000,2026-01-01T12:04:30Z,SYNTHETIC_IMPORT,SAMPLE
968,35,1767269115000,2026-01-01T12:05:15Z,SYNTHETIC_IMPORT,SAMPLE
969,1,1767269160000,2026-01-01T12:06:00Z,SYNTHETIC_IMPORT,SAMPLE
970,27,1767269205000,2026-01-01T12:06:45Z,SYNTHETIC_IMPORT,SAMPLE
971,19,1767269250000,2026-01-01T12:07:30Z,SYNTHETIC_IMPORT,SAMPLE
972,20,1767269295000,2026-01-01T12:08:15Z,SYNTHETIC_IMPORT,SAMPLE
973,12,1767269340000,2026-01-01T12:09:00Z,SYNTHETIC_IMPORT,SAMPLE
974,6,1767269385000,2026-01-01T12:09:45Z,SYNTHETIC_IMPORT,SAMPLE
975,9,1767269430000,2026-01-01T12:10:30Z,SYNTHETIC_IMPORT,SAMPLE
976,35,1767269475000,2026-01-01T12:11:15Z,SYNTHETIC_IMPORT,SAMPLE
977,2,1767269520000,2026-01-01T12:12:00Z,SYNTHETIC_IMPORT,SAMPLE
978,35,1767269565000,2026-01-01T12:12:45Z,SYNTHETIC_IMPORT,SAMPLE
979,21,1767269610000,2026-01-01T12:13:30Z,SYNTHETIC_IMPORT,SAMPLE
980,28,1767269655000,2026-01-01T12:14:15Z,SYNTHETIC_IMPORT,SAMPLE
981,18,1767269700000,2026-01-01T12:15:00Z,SYNTHETIC_IMPORT,SAMPLE
982,3,1767269745000,2026-01-01T12:15:45Z,SYNTHETIC_IMPORT,SAMPLE
983,7,1767269790000,2026-01-01T12:16:30Z,SYNTHETIC_IMPORT,SAMPLE
984,32,1767269835000,2026-01-01T12:17:15Z,SYNTHETIC_IMPORT,SAMPLE
985,6,1767269880000,2026-01-01T12:18:00Z,SYNTHETIC_IMPORT,SAMPLE
986,23,1767269925000,2026-01-01T12:18:45Z,SYNTHETIC_IMPORT,SAMPLE
987,15,1767269970000,2026-01-01T12:19:30Z,SYNTHETIC_IMPORT,SAMPLE
988,9,1767270015000,2026-01-01T12:20:15Z,SYNTHETIC_IMPORT,SAMPLE
989,20,1767270060000,2026-01-01T12:21:00Z,SYNTHETIC_IMPORT,SAMPLE
990,6,1767270105000,2026-01-01T12:21:45Z,SYNTHETIC_IMPORT,SAMPLE
991,11,1767270150000,2026-01-01T12:22:30Z,SYNTHETIC_IMPORT,SAMPLE
992,26,1767270195000,2026-01-01T12:23:15Z,SYNTHETIC_IMPORT,SAMPLE
993,22,1767270240000,2026-01-01T12:24:00Z,SYNTHETIC_IMPORT,SAMPLE
994,0,1767270285000,2026-01-01T12:24:45Z,SYNTHETIC_IMPORT,SAMPLE
995,5,1767270330000,2026-01-01T12:25:30Z,SYNTHETIC_IMPORT,SAMPLE
996,11,1767270375000,2026-01-01T12:26:15Z,SYNTHETIC_IMPORT,SAMPLE
997,15,1767270420000,2026-01-01T12:27:00Z,SYNTHETIC_IMPORT,SAMPLE
998,14,1767270465000,2026-01-01T12:27:45Z,SYNTHETIC_IMPORT,SAMPLE
999,9,1767270510000,2026-01-01T12:28:30Z,SYNTHETIC_IMPORT,SAMPLE
1000,1,1767270555000,2026-01-01T12:29:15Z,SYNTHETIC_IMPORT,SAMPLE
1001,1,1767270600000,2026-01-01T12:30:00Z,SYNTHETIC_IMPORT,SAMPLE
1002,32,1767270645000,2026-01-01T12:30:45Z,SYNTHETIC_IMPORT,SAMPLE
1003,34,1767270690000,2026-01-01T12:31:30Z,SYNTHETIC_IMPORT,SAMPLE
1004,30,1767270735000,2026-01-01T12:32:15Z,SYNTHETIC_IMPORT,SAMPLE
1005,6,1767270780000,2026-01-01T12:33:00Z,SYNTHETIC_IMPORT,SAMPLE
1006,21,1767270825000,2026-01-01T12:33:45Z,SYNTHETIC_IMPORT,SAMPLE
1007,25,1767270870000,2026-01-01T12:34:30Z,SYNTHETIC_IMPORT,SAMPLE
1008,19,1767270915000,2026-01-01T12:35:15Z,SYNTHETIC_IMPORT,SAMPLE
1009,28,1767270960000,2026-01-01T12:36:00Z,SYNTHETIC_IMPORT,SAMPLE
1010,12,1767271005000,2026-01-01T12:36:45Z,SYNTHETIC_IMPORT,SAMPLE
1011,34,1767271050000,2026-01-01T12:37:30Z,SYNTHETIC_IMPORT,SAMPLE
1012,36,1767271095000,2026-01-01T12:38:15Z,SYNTHETIC_IMPORT,SAMPLE
1013,25,1767271140000,2026-01-01T12:39:00Z,SYNTHETIC_IMPORT,SAMPLE
1014,25,1767271185000,2026-01-01T12:39:45Z,SYNTHETIC_IMPORT,SAMPLE
1015,26,1767271230000,2026-01-01T12:40:30Z,SYNTHETIC_IMPORT,SAMPLE
1016,14,1767271275000,2026-01-01T12:41:15Z,SYNTHETIC_IMPORT,SAMPLE
1017,30,1767271320000,2026-01-01T12:42:00Z,SYNTHETIC_IMPORT,SAMPLE
1018,16,1767271365000,2026-01-01T12:42:45Z,SYNTHETIC_IMPORT,SAMPLE
1019,22,1767271410000,2026-01-01T12:43:30Z,SYNTHETIC_IMPORT,SAMPLE
1020,30,1767271455000,2026-01-01T12:44:15Z,SYNTHETIC_IMPORT,SAMPLE
1021,1,1767271500000,2026-01-01T12:45:00Z,SYNTHETIC_IMPORT,SAMPLE
1022,19,1767271545000,2026-01-01T12:45:45Z,SYNTHETIC_IMPORT,SAMPLE
1023,8,1767271590000,2026-01-01T12:46:30Z,SYNTHETIC_IMPORT,SAMPLE
1024,15,1767271635000,2026-01-01T12:47:15Z,SYNTHETIC_IMPORT,SAMPLE
1025,34,1767271680000,2026-01-01T12:48:00Z,SYNTHETIC_IMPORT,SAMPLE
1026,34,1767271725000,2026-01-01T12:48:45Z,SYNTHETIC_IMPORT,SAMPLE
1027,7,1767271770000,2026-01-01T12:49:30Z,SYNTHETIC_IMPORT,SAMPLE
1028,6,1767271815000,2026-01-01T12:50:15Z,SYNTHETIC_IMPORT,SAMPLE
1029,7,1767271860000,2026-01-01T12:51:00Z,SYNTHETIC_IMPORT,SAMPLE
1030,3,1767271905000,2026-01-01T12:51:45Z,SYNTHETIC_IMPORT,SAMPLE
1031,23,1767271950000,2026-01-01T12:52:30Z,SYNTHETIC_IMPORT,SAMPLE
1032,9,1767271995000,2026-01-01T12:53:15Z,SYNTHETIC_IMPORT,SAMPLE
1033,22,1767272040000,2026-01-01T12:54:00Z,SYNTHETIC_IMPORT,SAMPLE
1034,33,1767272085000,2026-01-01T12:54:45Z,SYNTHETIC_IMPORT,SAMPLE
1035,6,1767272130000,2026-01-01T12:55:30Z,SYNTHETIC_IMPORT,SAMPLE
1036,10,1767272175000,2026-01-01T12:56:15Z,SYNTHETIC_IMPORT,SAMPLE
1037,6,1767272220000,2026-01-01T12:57:00Z,SYNTHETIC_IMPORT,SAMPLE
1038,21,1767272265000,2026-01-01T12:57:45Z,SYNTHETIC_IMPORT,SAMPLE
1039,5,1767272310000,2026-01-01T12:58:30Z,SYNTHETIC_IMPORT,SAMPLE
1040,35,1767272355000,2026-01-01T12:59:15Z,SYNTHETIC_IMPORT,SAMPLE
1041,29,1767272400000,2026-01-01T13:00:00Z,SYNTHETIC_IMPORT,SAMPLE
1042,31,1767272445000,2026-01-01T13:00:45Z,SYNTHETIC_IMPORT,SAMPLE
1043,21,1767272490000,2026-01-01T13:01:30Z,SYNTHETIC_IMPORT,SAMPLE
1044,11,1767272535000,2026-01-01T13:02:15Z,SYNTHETIC_IMPORT,SAMPLE
1045,35,1767272580000,2026-01-01T13:03:00Z,SYNTHETIC_IMPORT,SAMPLE
1046,31,1767272625000,2026-01-01T13:03:45Z,SYNTHETIC_IMPORT,SAMPLE
1047,33,1767272670000,2026-01-01T13:04:30Z,SYNTHETIC_IMPORT,SAMPLE
1048,23,1767272715000,2026-01-01T13:05:15Z,SYNTHETIC_IMPORT,SAMPLE
1049,24,1767272760000,2026-01-01T13:06:00Z,SYNTHETIC_IMPORT,SAMPLE
1050,29,1767272805000,2026-01-01T13:06:45Z,SYNTHETIC_IMPORT,SAMPLE
1051,33,1767272850000,2026-01-01T13:07:30Z,SYNTHETIC_IMPORT,SAMPLE
1052,0,1767272895000,2026-01-01T13:08:15Z,SYNTHETIC_IMPORT,SAMPLE
1053,18,1767272940000,2026-01-01T13:09:00Z,SYNTHETIC_IMPORT,SAMPLE
1054,25,1767272985000,2026-01-01T13:09:45Z,SYNTHETIC_IMPORT,SAMPLE
1055,34,1767273030000,2026-01-01T13:10:30Z,SYNTHETIC_IMPORT,SAMPLE
1056,14,1767273075000,2026-01-01T13:11:15Z,SYNTHETIC_IMPORT,SAMPLE
1057,32,1767273120000,2026-01-01T13:12:00Z,SYNTHETIC_IMPORT,SAMPLE
1058,16,1767273165000,2026-01-01T13:12:45Z,SYNTHETIC_IMPORT,SAMPLE
1059,32,1767273210000,2026-01-01T13:13:30Z,SYNTHETIC_IMPORT,SAMPLE
1060,31,1767273255000,2026-01-01T13:14:15Z,SYNTHETIC_IMPORT,SAMPLE
1061,30,1767273300000,2026-01-01T13:15:00Z,SYNTHETIC_IMPORT,SAMPLE
1062,6,1767273345000,2026-01-01T13:15:45Z,SYNTHETIC_IMPORT,SAMPLE
1063,24,1767273390000,2026-01-01T13:16:30Z,SYNTHETIC_IMPORT,SAMPLE
1064,35,1767273435000,2026-01-01T13:17:15Z,SYNTHETIC_IMPORT,SAMPLE
1065,1,1767273480000,2026-01-01T13:18:00Z,SYNTHETIC_IMPORT,SAMPLE
1066,11,1767273525000,2026-01-01T13:18:45Z,SYNTHETIC_IMPORT,SAMPLE
1067,18,1767273570000,2026-01-01T13:19:30Z,SYNTHETIC_IMPORT,SAMPLE
1068,3,1767273615000,2026-01-01T13:20:15Z,SYNTHETIC_IMPORT,SAMPLE
1069,19,1767273660000,2026-01-01T13:21:00Z,SYNTHETIC_IMPORT,SAMPLE
1070,14,1767273705000,2026-01-01T13:21:45Z,SYNTHETIC_IMPORT,SAMPLE
1071,19,1767273750000,2026-01-01T13:22:30Z,SYNTHETIC_IMPORT,SAMPLE
1072,2,1767273795000,2026-01-01T13:23:15Z,SYNTHETIC_IMPORT,SAMPLE
1073,25,1767273840000,2026-01-01T13:24:00Z,SYNTHETIC_IMPORT,SAMPLE
1074,11,1767273885000,2026-01-01T13:24:45Z,SYNTHETIC_IMPORT,SAMPLE
1075,28,1767273930000,2026-01-01T13:25:30Z,SYNTHETIC_IMPORT,SAMPLE
1076,24,1767273975000,2026-01-01T13:26:15Z,SYNTHETIC_IMPORT,SAMPLE
1077,22,1767274020000,2026-01-01T13:27:00Z,SYNTHETIC_IMPORT,SAMPLE
1078,1,1767274065000,2026-01-01T13:27:45Z,SYNTHETIC_IMPORT,SAMPLE
1079,24,1767274110000,2026-01-01T13:28:30Z,SYNTHETIC_IMPORT,SAMPLE
1080,29,1767274155000,2026-01-01T13:29:15Z,SYNTHETIC_IMPORT,SAMPLE
1081,26,1767274200000,2026-01-01T13:30:00Z,SYNTHETIC_IMPORT,SAMPLE
1082,17,1767274245000,2026-01-01T13:30:45Z,SYNTHETIC_IMPORT,SAMPLE
1083,7,1767274290000,2026-01-01T13:31:30Z,SYNTHETIC_IMPORT,SAMPLE
1084,10,1767274335000,2026-01-01T13:32:15Z,SYNTHETIC_IMPORT,SAMPLE
1085,34,1767274380000,2026-01-01T13:33:00Z,SYNTHETIC_IMPORT,SAMPLE
1086,31,1767274425000,2026-01-01T13:33:45Z,SYNTHETIC_IMPORT,SAMPLE
1087,10,1767274470000,2026-01-01T13:34:30Z,SYNTHETIC_IMPORT,SAMPLE
1088,22,1767274515000,2026-01-01T13:35:15Z,SYNTHETIC_IMPORT,SAMPLE
1089,34,1767274560000,2026-01-01T13:36:00Z,SYNTHETIC_IMPORT,SAMPLE
1090,25,1767274605000,2026-01-01T13:36:45Z,SYNTHETIC_IMPORT,SAMPLE
1091,15,1767274650000,2026-01-01T13:37:30Z,SYNTHETIC_IMPORT,SAMPLE
1092,11,1767274695000,2026-01-01T13:38:15Z,SYNTHETIC_IMPORT,SAMPLE
1093,2,1767274740000,2026-01-01T13:39:00Z,SYNTHETIC_IMPORT,SAMPLE
1094,4,1767274785000,2026-01-01T13:39:45Z,SYNTHETIC_IMPORT,SAMPLE
1095,35,1767274830000,2026-01-01T13:40:30Z,SYNTHETIC_IMPORT,SAMPLE
1096,6,1767274875000,2026-01-01T13:41:15Z,SYNTHETIC_IMPORT,SAMPLE
1097,25,1767274920000,2026-01-01T13:42:00Z,SYNTHETIC_IMPORT,SAMPLE
1098,14,1767274965000,2026-01-01T13:42:45Z,SYNTHETIC_IMPORT,SAMPLE
1099,2,1767275010000,2026-01-01T13:43:30Z,SYNTHETIC_IMPORT,SAMPLE
1100,1,1767275055000,2026-01-01T13:44:15Z,SYNTHETIC_IMPORT,SAMPLE
1101,19,1767275100000,2026-01-01T13:45:00Z,SYNTHETIC_IMPORT,SAMPLE
1102,14,1767275145000,2026-01-01T13:45:45Z,SYNTHETIC_IMPORT,SAMPLE
1103,32,1767275190000,2026-01-01T13:46:30Z,SYNTHETIC_IMPORT,SAMPLE
1104,12,1767275235000,2026-01-01T13:47:15Z,SYNTHETIC_IMPORT,SAMPLE
1105,32,1767275280000,2026-01-01T13:48:00Z,SYNTHETIC_IMPORT,SAMPLE
1106,12,1767275325000,2026-01-01T13:48:45Z,SYNTHETIC_IMPORT,SAMPLE
1107,27,1767275370000,2026-01-01T13:49:30Z,SYNTHETIC_IMPORT,SAMPLE
1108,6,1767275415000,2026-01-01T13:50:15Z,SYNTHETIC_IMPORT,SAMPLE
1109,9,1767275460000,2026-01-01T13:51:00Z,SYNTHETIC_IMPORT,SAMPLE
1110,24,1767275505000,2026-01-01T13:51:45Z,SYNTHETIC_IMPORT,SAMPLE
1111,14,1767275550000,2026-01-01T13:52:30Z,SYNTHETIC_IMPORT,SAMPLE
1112,10,1767275595000,2026-01-01T13:53:15Z,SYNTHETIC_IMPORT,SAMPLE
1113,3,1767275640000,2026-01-01T13:54:00Z,SYNTHETIC_IMPORT,SAMPLE
1114,35,1767275685000,2026-01-01T13:54:45Z,SYNTHETIC_IMPORT,SAMPLE
1115,30,1767275730000,2026-01-01T13:55:30Z,SYNTHETIC_IMPORT,SAMPLE
1116,2,1767275775000,2026-01-01T13:56:15Z,SYNTHETIC_IMPORT,SAMPLE
1117,29,1767275820000,2026-01-01T13:57:00Z,SYNTHETIC_IMPORT,SAMPLE
1118,15,1767275865000,2026-01-01T13:57:45Z,SYNTHETIC_IMPORT,SAMPLE
1119,20,1767275910000,2026-01-01T13:58:30Z,SYNTHETIC_IMPORT,SAMPLE
1120,22,1767275955000,2026-01-01T13:59:15Z,SYNTHETIC_IMPORT,SAMPLE
1121,16,1767276000000,2026-01-01T14:00:00Z,SYNTHETIC_IMPORT,SAMPLE
1122,33,1767276045000,2026-01-01T14:00:45Z,SYNTHETIC_IMPORT,SAMPLE
1123,2,1767276090000,2026-01-01T14:01:30Z,SYNTHETIC_IMPORT,SAMPLE
1124,3,1767276135000,2026-01-01T14:02:15Z,SYNTHETIC_IMPORT,SAMPLE
1125,29,1767276180000,2026-01-01T14:03:00Z,SYNTHETIC_IMPORT,SAMPLE
1126,23,1767276225000,2026-01-01T14:03:45Z,SYNTHETIC_IMPORT,SAMPLE
1127,25,1767276270000,2026-01-01T14:04:30Z,SYNTHETIC_IMPORT,SAMPLE
1128,21,1767276315000,2026-01-01T14:05:15Z,SYNTHETIC_IMPORT,SAMPLE
1129,6,1767276360000,2026-01-01T14:06:00Z,SYNTHETIC_IMPORT,SAMPLE
1130,24,1767276405000,2026-01-01T14:06:45Z,SYNTHETIC_IMPORT,SAMPLE
1131,29,1767276450000,2026-01-01T14:07:30Z,SYNTHETIC_IMPORT,SAMPLE
1132,21,1767276495000,2026-01-01T14:08:15Z,SYNTHETIC_IMPORT,SAMPLE
1133,15,1767276540000,2026-01-01T14:09:00Z,SYNTHETIC_IMPORT,SAMPLE
1134,16,1767276585000,2026-01-01T14:09:45Z,SYNTHETIC_IMPORT,SAMPLE
1135,35,1767276630000,2026-01-01T14:10:30Z,SYNTHETIC_IMPORT,SAMPLE
1136,14,1767276675000,2026-01-01T14:11:15Z,SYNTHETIC_IMPORT,SAMPLE
1137,36,1767276720000,2026-01-01T14:12:00Z,SYNTHETIC_IMPORT,SAMPLE
1138,22,1767276765000,2026-01-01T14:12:45Z,SYNTHETIC_IMPORT,SAMPLE
1139,27,1767276810000,2026-01-01T14:13:30Z,SYNTHETIC_IMPORT,SAMPLE
1140,34,1767276855000,2026-01-01T14:14:15Z,SYNTHETIC_IMPORT,SAMPLE
1141,27,1767276900000,2026-01-01T14:15:00Z,SYNTHETIC_IMPORT,SAMPLE
1142,30,1767276945000,2026-01-01T14:15:45Z,SYNTHETIC_IMPORT,SAMPLE
1143,29,1767276990000,2026-01-01T14:16:30Z,SYNTHETIC_IMPORT,SAMPLE
1144,15,1767277035000,2026-01-01T14:17:15Z,SYNTHETIC_IMPORT,SAMPLE
1145,20,1767277080000,2026-01-01T14:18:00Z,SYNTHETIC_IMPORT,SAMPLE
1146,17,1767277125000,2026-01-01T14:18:45Z,SYNTHETIC_IMPORT,SAMPLE
1147,23,1767277170000,2026-01-01T14:19:30Z,SYNTHETIC_IMPORT,SAMPLE
1148,6,1767277215000,2026-01-01T14:20:15Z,SYNTHETIC_IMPORT,SAMPLE
1149,4,1767277260000,2026-01-01T14:21:00Z,SYNTHETIC_IMPORT,SAMPLE
1150,24,1767277305000,2026-01-01T14:21:45Z,SYNTHETIC_IMPORT,SAMPLE
1151,31,1767277350000,2026-01-01T14:22:30Z,SYNTHETIC_IMPORT,SAMPLE
1152,13,1767277395000,2026-01-01T14:23:15Z,SYNTHETIC_IMPORT,SAMPLE
1153,36,1767277440000,2026-01-01T14:24:00Z,SYNTHETIC_IMPORT,SAMPLE
1154,23,1767277485000,2026-01-01T14:24:45Z,SYNTHETIC_IMPORT,SAMPLE
1155,11,1767277530000,2026-01-01T14:25:30Z,SYNTHETIC_IMPORT,SAMPLE
1156,10,1767277575000,2026-01-01T14:26:15Z,SYNTHETIC_IMPORT,SAMPLE
1157,35,1767277620000,2026-01-01T14:27:00Z,SYNTHETIC_IMPORT,SAMPLE
1158,22,1767277665000,2026-01-01T14:27:45Z,SYNTHETIC_IMPORT,SAMPLE
1159,4,1767277710000,2026-01-01T14:28:30Z,SYNTHETIC_IMPORT,SAMPLE
1160,10,1767277755000,2026-01-01T14:29:15Z,SYNTHETIC_IMPORT,SAMPLE
1161,13,1767277800000,2026-01-01T14:30:00Z,SYNTHETIC_IMPORT,SAMPLE
1162,18,1767277845000,2026-01-01T14:30:45Z,SYNTHETIC_IMPORT,SAMPLE
1163,15,1767277890000,2026-01-01T14:31:30Z,SYNTHETIC_IMPORT,SAMPLE
1164,11,1767277935000,2026-01-01T14:32:15Z,SYNTHETIC_IMPORT,SAMPLE
1165,27,1767277980000,2026-01-01T14:33:00Z,SYNTHETIC_IMPORT,SAMPLE
1166,2,1767278025000,2026-01-01T14:33:45Z,SYNTHETIC_IMPORT,SAMPLE
1167,25,1767278070000,2026-01-01T14:34:30Z,SYNTHETIC_IMPORT,SAMPLE
1168,14,1767278115000,2026-01-01T14:35:15Z,SYNTHETIC_IMPORT,SAMPLE
1169,24,1767278160000,2026-01-01T14:36:00Z,SYNTHETIC_IMPORT,SAMPLE
1170,22,1767278205000,2026-01-01T14:36:45Z,SYNTHETIC_IMPORT,SAMPLE
1171,6,1767278250000,2026-01-01T14:37:30Z,SYNTHETIC_IMPORT,SAMPLE
1172,24,1767278295000,2026-01-01T14:38:15Z,SYNTHETIC_IMPORT,SAMPLE
1173,11,1767278340000,2026-01-01T14:39:00Z,SYNTHETIC_IMPORT,SAMPLE
1174,23,1767278385000,2026-01-01T14:39:45Z,SYNTHETIC_IMPORT,SAMPLE
1175,9,1767278430000,2026-01-01T14:40:30Z,SYNTHETIC_IMPORT,SAMPLE
1176,18,1767278475000,2026-01-01T14:41:15Z,SYNTHETIC_IMPORT,SAMPLE
1177,10,1767278520000,2026-01-01T14:42:00Z,SYNTHETIC_IMPORT,SAMPLE
1178,14,1767278565000,2026-01-01T14:42:45Z,SYNTHETIC_IMPORT,SAMPLE
1179,31,1767278610000,2026-01-01T14:43:30Z,SYNTHETIC_IMPORT,SAMPLE
1180,36,1767278655000,2026-01-01T14:44:15Z,SYNTHETIC_IMPORT,SAMPLE
1181,31,1767278700000,2026-01-01T14:45:00Z,SYNTHETIC_IMPORT,SAMPLE
1182,32,1767278745000,2026-01-01T14:45:45Z,SYNTHETIC_IMPORT,SAMPLE
1183,30,1767278790000,2026-01-01T14:46:30Z,SYNTHETIC_IMPORT,SAMPLE
1184,9,1767278835000,2026-01-01T14:47:15Z,SYNTHETIC_IMPORT,SAMPLE
1185,15,1767278880000,2026-01-01T14:48:00Z,SYNTHETIC_IMPORT,SAMPLE
1186,0,1767278925000,2026-01-01T14:48:45Z,SYNTHETIC_IMPORT,SAMPLE
1187,7,1767278970000,2026-01-01T14:49:30Z,SYNTHETIC_IMPORT,SAMPLE
1188,2,1767279015000,2026-01-01T14:50:15Z,SYNTHETIC_IMPORT,SAMPLE
1189,3,1767279060000,2026-01-01T14:51:00Z,SYNTHETIC_IMPORT,SAMPLE
1190,16,1767279105000,2026-01-01T14:51:45Z,SYNTHETIC_IMPORT,SAMPLE
1191,24,1767279150000,2026-01-01T14:52:30Z,SYNTHETIC_IMPORT,SAMPLE
1192,36,1767279195000,2026-01-01T14:53:15Z,SYNTHETIC_IMPORT,SAMPLE
1193,4,1767279240000,2026-01-01T14:54:00Z,SYNTHETIC_IMPORT,SAMPLE
1194,1,1767279285000,2026-01-01T14:54:45Z,SYNTHETIC_IMPORT,SAMPLE
1195,28,1767279330000,2026-01-01T14:55:30Z,SYNTHETIC_IMPORT,SAMPLE
1196,6,1767279375000,2026-01-01T14:56:15Z,SYNTHETIC_IMPORT,SAMPLE
1197,1,1767279420000,2026-01-01T14:57:00Z,SYNTHETIC_IMPORT,SAMPLE
1198,3,1767279465000,2026-01-01T14:57:45Z,SYNTHETIC_IMPORT,SAMPLE
1199,33,1767279510000,2026-01-01T14:58:30Z,SYNTHETIC_IMPORT,SAMPLE
1200,8,1767279555000,2026-01-01T14:59:15Z,SYNTHETIC_IMPORT,SAMPLE
1201,5,1767279600000,2026-01-01T15:00:00Z,SYNTHETIC_IMPORT,SAMPLE
1202,24,1767279645000,2026-01-01T15:00:45Z,SYNTHETIC_IMPORT,SAMPLE
1203,33,1767279690000,2026-01-01T15:01:30Z,SYNTHETIC_IMPORT,SAMPLE
1204,9,1767279735000,2026-01-01T15:02:15Z,SYNTHETIC_IMPORT,SAMPLE
1205,27,1767279780000,2026-01-01T15:03:00Z,SYNTHETIC_IMPORT,SAMPLE
1206,6,1767279825000,2026-01-01T15:03:45Z,SYNTHETIC_IMPORT,SAMPLE
1207,9,1767279870000,2026-01-01T15:04:30Z,SYNTHETIC_IMPORT,SAMPLE
1208,23,1767279915000,2026-01-01T15:05:15Z,SYNTHETIC_IMPORT,SAMPLE
1209,0,1767279960000,2026-01-01T15:06:00Z,SYNTHETIC_IMPORT,SAMPLE
1210,4,1767280005000,2026-01-01T15:06:45Z,SYNTHETIC_IMPORT,SAMPLE
1211,1,1767280050000,2026-01-01T15:07:30Z,SYNTHETIC_IMPORT,SAMPLE
1212,7,1767280095000,2026-01-01T15:08:15Z,SYNTHETIC_IMPORT,SAMPLE
1213,31,1767280140000,2026-01-01T15:09:00Z,SYNTHETIC_IMPORT,SAMPLE
1214,17,1767280185000,2026-01-01T15:09:45Z,SYNTHETIC_IMPORT,SAMPLE
1215,15,1767280230000,2026-01-01T15:10:30Z,SYNTHETIC_IMPORT,SAMPLE
1216,22,1767280275000,2026-01-01T15:11:15Z,SYNTHETIC_IMPORT,SAMPLE
1217,32,1767280320000,2026-01-01T15:12:00Z,SYNTHETIC_IMPORT,SAMPLE
1218,23,1767280365000,2026-01-01T15:12:45Z,SYNTHETIC_IMPORT,SAMPLE
1219,20,1767280410000,2026-01-01T15:13:30Z,SYNTHETIC_IMPORT,SAMPLE
1220,23,1767280455000,2026-01-01T15:14:15Z,SYNTHETIC_IMPORT,SAMPLE
1221,25,1767280500000,2026-01-01T15:15:00Z,SYNTHETIC_IMPORT,SAMPLE
1222,9,1767280545000,2026-01-01T15:15:45Z,SYNTHETIC_IMPORT,SAMPLE
1223,14,1767280590000,2026-01-01T15:16:30Z,SYNTHETIC_IMPORT,SAMPLE
1224,22,1767280635000,2026-01-01T15:17:15Z,SYNTHETIC_IMPORT,SAMPLE
1225,11,1767280680000,2026-01-01T15:18:00Z,SYNTHETIC_IMPORT,SAMPLE
1226,11,1767280725000,2026-01-01T15:18:45Z,SYNTHETIC_IMPORT,SAMPLE
1227,22,1767280770000,2026-01-01T15:19:30Z,SYNTHETIC_IMPORT,SAMPLE
1228,26,1767280815000,2026-01-01T15:20:15Z,SYNTHETIC_IMPORT,SAMPLE
1229,1,1767280860000,2026-01-01T15:21:00Z,SYNTHETIC_IMPORT,SAMPLE
1230,1,1767280905000,2026-01-01T15:21:45Z,SYNTHETIC_IMPORT,SAMPLE
1231,6,1767280950000,2026-01-01T15:22:30Z,SYNTHETIC_IMPORT,SAMPLE
1232,16,1767280995000,2026-01-01T15:23:15Z,SYNTHETIC_IMPORT,SAMPLE
1233,4,1767281040000,2026-01-01T15:24:00Z,SYNTHETIC_IMPORT,SAMPLE
1234,9,1767281085000,2026-01-01T15:24:45Z,SYNTHETIC_IMPORT,SAMPLE
1235,13,1767281130000,2026-01-01T15:25:30Z,SYNTHETIC_IMPORT,SAMPLE
1236,26,1767281175000,2026-01-01T15:26:15Z,SYNTHETIC_IMPORT,SAMPLE
1237,16,1767281220000,2026-01-01T15:27:00Z,SYNTHETIC_IMPORT,SAMPLE
1238,22,1767281265000,2026-01-01T15:27:45Z,SYNTHETIC_IMPORT,SAMPLE
1239,18,1767281310000,2026-01-01T15:28:30Z,SYNTHETIC_IMPORT,SAMPLE
1240,30,1767281355000,2026-01-01T15:29:15Z,SYNTHETIC_IMPORT,SAMPLE
1241,33,1767281400000,2026-01-01T15:30:00Z,SYNTHETIC_IMPORT,SAMPLE
1242,4,1767281445000,2026-01-01T15:30:45Z,SYNTHETIC_IMPORT,SAMPLE
1243,0,1767281490000,2026-01-01T15:31:30Z,SYNTHETIC_IMPORT,SAMPLE
1244,21,1767281535000,2026-01-01T15:32:15Z,SYNTHETIC_IMPORT,SAMPLE
1245,32,1767281580000,2026-01-01T15:33:00Z,SYNTHETIC_IMPORT,SAMPLE
1246,21,1767281625000,2026-01-01T15:33:45Z,SYNTHETIC_IMPORT,SAMPLE
1247,21,1767281670000,2026-01-01T15:34:30Z,SYNTHETIC_IMPORT,SAMPLE
1248,18,1767281715000,2026-01-01T15:35:15Z,SYNTHETIC_IMPORT,SAMPLE
1249,0,1767281760000,2026-01-01T15:36:00Z,SYNTHETIC_IMPORT,SAMPLE
1250,27,1767281805000,2026-01-01T15:36:45Z,SYNTHETIC_IMPORT,SAMPLE
1251,0,1767281850000,2026-01-01T15:37:30Z,SYNTHETIC_IMPORT,SAMPLE
1252,9,1767281895000,2026-01-01T15:38:15Z,SYNTHETIC_IMPORT,SAMPLE
1253,36,1767281940000,2026-01-01T15:39:00Z,SYNTHETIC_IMPORT,SAMPLE
1254,36,1767281985000,2026-01-01T15:39:45Z,SYNTHETIC_IMPORT,SAMPLE
1255,35,1767282030000,2026-01-01T15:40:30Z,SYNTHETIC_IMPORT,SAMPLE
1256,9,1767282075000,2026-01-01T15:41:15Z,SYNTHETIC_IMPORT,SAMPLE
1257,30,1767282120000,2026-01-01T15:42:00Z,SYNTHETIC_IMPORT,SAMPLE
1258,5,1767282165000,2026-01-01T15:42:45Z,SYNTHETIC_IMPORT,SAMPLE
1259,16,1767282210000,2026-01-01T15:43:30Z,SYNTHETIC_IMPORT,SAMPLE
1260,5,1767282255000,2026-01-01T15:44:15Z,SYNTHETIC_IMPORT,SAMPLE
1261,14,1767282300000,2026-01-01T15:45:00Z,SYNTHETIC_IMPORT,SAMPLE
1262,34,1767282345000,2026-01-01T15:45:45Z,SYNTHETIC_IMPORT,SAMPLE
1263,21,1767282390000,2026-01-01T15:46:30Z,SYNTHETIC_IMPORT,SAMPLE
1264,5,1767282435000,2026-01-01T15:47:15Z,SYNTHETIC_IMPORT,SAMPLE
1265,16,1767282480000,2026-01-01T15:48:00Z,SYNTHETIC_IMPORT,SAMPLE
1266,35,1767282525000,2026-01-01T15:48:45Z,SYNTHETIC_IMPORT,SAMPLE
1267,33,1767282570000,2026-01-01T15:49:30Z,SYNTHETIC_IMPORT,SAMPLE
1268,22,1767282615000,2026-01-01T15:50:15Z,SYNTHETIC_IMPORT,SAMPLE
1269,30,1767282660000,2026-01-01T15:51:00Z,SYNTHETIC_IMPORT,SAMPLE
1270,36,1767282705000,2026-01-01T15:51:45Z,SYNTHETIC_IMPORT,SAMPLE
1271,6,1767282750000,2026-01-01T15:52:30Z,SYNTHETIC_IMPORT,SAMPLE
1272,29,1767282795000,2026-01-01T15:53:15Z,SYNTHETIC_IMPORT,SAMPLE
1273,5,1767282840000,2026-01-01T15:54:00Z,SYNTHETIC_IMPORT,SAMPLE
1274,8,1767282885000,2026-01-01T15:54:45Z,SYNTHETIC_IMPORT,SAMPLE
1275,2,1767282930000,2026-01-01T15:55:30Z,SYNTHETIC_IMPORT,SAMPLE
1276,21,1767282975000,2026-01-01T15:56:15Z,SYNTHETIC_IMPORT,SAMPLE
1277,17,1767283020000,2026-01-01T15:57:00Z,SYNTHETIC_IMPORT,SAMPLE
1278,0,1767283065000,2026-01-01T15:57:45Z,SYNTHETIC_IMPORT,SAMPLE
1279,1,1767283110000,2026-01-01T15:58:30Z,SYNTHETIC_IMPORT,SAMPLE
1280,2,1767283155000,2026-01-01T15:59:15Z,SYNTHETIC_IMPORT,SAMPLE
1281,26,1767283200000,2026-01-01T16:00:00Z,SYNTHETIC_IMPORT,SAMPLE
1282,3,1767283245000,2026-01-01T16:00:45Z,SYNTHETIC_IMPORT,SAMPLE
1283,36,1767283290000,2026-01-01T16:01:30Z,SYNTHETIC_IMPORT,SAMPLE
1284,22,1767283335000,2026-01-01T16:02:15Z,SYNTHETIC_IMPORT,SAMPLE
1285,17,1767283380000,2026-01-01T16:03:00Z,SYNTHETIC_IMPORT,SAMPLE
1286,34,1767283425000,2026-01-01T16:03:45Z,SYNTHETIC_IMPORT,SAMPLE
1287,35,1767283470000,2026-01-01T16:04:30Z,SYNTHETIC_IMPORT,SAMPLE
1288,0,1767283515000,2026-01-01T16:05:15Z,SYNTHETIC_IMPORT,SAMPLE
1289,4,1767283560000,2026-01-01T16:06:00Z,SYNTHETIC_IMPORT,SAMPLE
1290,23,1767283605000,2026-01-01T16:06:45Z,SYNTHETIC_IMPORT,SAMPLE
1291,8,1767283650000,2026-01-01T16:07:30Z,SYNTHETIC_IMPORT,SAMPLE
1292,23,1767283695000,2026-01-01T16:08:15Z,SYNTHETIC_IMPORT,SAMPLE
1293,20,1767283740000,2026-01-01T16:09:00Z,SYNTHETIC_IMPORT,SAMPLE
1294,30,1767283785000,2026-01-01T16:09:45Z,SYNTHETIC_IMPORT,SAMPLE
1295,22,1767283830000,2026-01-01T16:10:30Z,SYNTHETIC_IMPORT,SAMPLE
1296,6,1767283875000,2026-01-01T16:11:15Z,SYNTHETIC_IMPORT,SAMPLE
1297,3,1767283920000,2026-01-01T16:12:00Z,SYNTHETIC_IMPORT,SAMPLE
1298,30,1767283965000,2026-01-01T16:12:45Z,SYNTHETIC_IMPORT,SAMPLE
1299,26,1767284010000,2026-01-01T16:13:30Z,SYNTHETIC_IMPORT,SAMPLE
1300,9,1767284055000,2026-01-01T16:14:15Z,SYNTHETIC_IMPORT,SAMPLE
1301,7,1767284100000,2026-01-01T16:15:00Z,SYNTHETIC_IMPORT,SAMPLE
1302,6,1767284145000,2026-01-01T16:15:45Z,SYNTHETIC_IMPORT,SAMPLE
1303,18,1767284190000,2026-01-01T16:16:30Z,SYNTHETIC_IMPORT,SAMPLE
1304,32,1767284235000,2026-01-01T16:17:15Z,SYNTHETIC_IMPORT,SAMPLE
1305,32,1767284280000,2026-01-01T16:18:00Z,SYNTHETIC_IMPORT,SAMPLE
1306,15,1767284325000,2026-01-01T16:18:45Z,SYNTHETIC_IMPORT,SAMPLE
1307,20,1767284370000,2026-01-01T16:19:30Z,SYNTHETIC_IMPORT,SAMPLE
1308,3,1767284415000,2026-01-01T16:20:15Z,SYNTHETIC_IMPORT,SAMPLE
1309,33,1767284460000,2026-01-01T16:21:00Z,SYNTHETIC_IMPORT,SAMPLE
1310,2,1767284505000,2026-01-01T16:21:45Z,SYNTHETIC_IMPORT,SAMPLE
1311,26,1767284550000,2026-01-01T16:22:30Z,SYNTHETIC_IMPORT,SAMPLE
1312,11,1767284595000,2026-01-01T16:23:15Z,SYNTHETIC_IMPORT,SAMPLE
1313,12,1767284640000,2026-01-01T16:24:00Z,SYNTHETIC_IMPORT,SAMPLE
1314,23,1767284685000,2026-01-01T16:24:45Z,SYNTHETIC_IMPORT,SAMPLE
1315,13,1767284730000,2026-01-01T16:25:30Z,SYNTHETIC_IMPORT,SAMPLE
1316,1,1767284775000,2026-01-01T16:26:15Z,SYNTHETIC_IMPORT,SAMPLE
1317,33,1767284820000,2026-01-01T16:27:00Z,SYNTHETIC_IMPORT,SAMPLE
1318,36,1767284865000,2026-01-01T16:27:45Z,SYNTHETIC_IMPORT,SAMPLE
1319,23,1767284910000,2026-01-01T16:28:30Z,SYNTHETIC_IMPORT,SAMPLE
1320,8,1767284955000,2026-01-01T16:29:15Z,SYNTHETIC_IMPORT,SAMPLE
1321,21,1767285000000,2026-01-01T16:30:00Z,SYNTHETIC_IMPORT,SAMPLE
1322,28,1767285045000,2026-01-01T16:30:45Z,SYNTHETIC_IMPORT,SAMPLE
1323,19,1767285090000,2026-01-01T16:31:30Z,SYNTHETIC_IMPORT,SAMPLE
1324,10,1767285135000,2026-01-01T16:32:15Z,SYNTHETIC_IMPORT,SAMPLE
1325,34,1767285180000,2026-01-01T16:33:00Z,SYNTHETIC_IMPORT,SAMPLE
1326,11,1767285225000,2026-01-01T16:33:45Z,SYNTHETIC_IMPORT,SAMPLE
1327,32,1767285270000,2026-01-01T16:34:30Z,SYNTHETIC_IMPORT,SAMPLE
1328,1,1767285315000,2026-01-01T16:35:15Z,SYNTHETIC_IMPORT,SAMPLE
1329,9,1767285360000,2026-01-01T16:36:00Z,SYNTHETIC_IMPORT,SAMPLE
1330,18,1767285405000,2026-01-01T16:36:45Z,SYNTHETIC_IMPORT,SAMPLE
1331,14,1767285450000,2026-01-01T16:37:30Z,SYNTHETIC_IMPORT,SAMPLE
1332,13,1767285495000,2026-01-01T16:38:15Z,SYNTHETIC_IMPORT,SAMPLE
1333,32,1767285540000,2026-01-01T16:39:00Z,SYNTHETIC_IMPORT,SAMPLE
1334,11,1767285585000,2026-01-01T16:39:45Z,SYNTHETIC_IMPORT,SAMPLE
1335,23,1767285630000,2026-01-01T16:40:30Z,SYNTHETIC_IMPORT,SAMPLE
1336,7,1767285675000,2026-01-01T16:41:15Z,SYNTHETIC_IMPORT,SAMPLE
1337,7,1767285720000,2026-01-01T16:42:00Z,SYNTHETIC_IMPORT,SAMPLE
1338,31,1767285765000,2026-01-01T16:42:45Z,SYNTHETIC_IMPORT,SAMPLE
1339,11,1767285810000,2026-01-01T16:43:30Z,SYNTHETIC_IMPORT,SAMPLE
1340,30,1767285855000,2026-01-01T16:44:15Z,SYNTHETIC_IMPORT,SAMPLE
1341,31,1767285900000,2026-01-01T16:45:00Z,SYNTHETIC_IMPORT,SAMPLE
1342,29,1767285945000,2026-01-01T16:45:45Z,SYNTHETIC_IMPORT,SAMPLE
1343,17,1767285990000,2026-01-01T16:46:30Z,SYNTHETIC_IMPORT,SAMPLE
1344,21,1767286035000,2026-01-01T16:47:15Z,SYNTHETIC_IMPORT,SAMPLE
1345,14,1767286080000,2026-01-01T16:48:00Z,SYNTHETIC_IMPORT,SAMPLE
1346,36,1767286125000,2026-01-01T16:48:45Z,SYNTHETIC_IMPORT,SAMPLE
1347,32,1767286170000,2026-01-01T16:49:30Z,SYNTHETIC_IMPORT,SAMPLE
1348,25,1767286215000,2026-01-01T16:50:15Z,SYNTHETIC_IMPORT,SAMPLE
1349,22,1767286260000,2026-01-01T16:51:00Z,SYNTHETIC_IMPORT,SAMPLE
1350,9,1767286305000,2026-01-01T16:51:45Z,SYNTHETIC_IMPORT,SAMPLE
1351,19,1767286350000,2026-01-01T16:52:30Z,SYNTHETIC_IMPORT,SAMPLE
1352,12,1767286395000,2026-01-01T16:53:15Z,SYNTHETIC_IMPORT,SAMPLE
1353,12,1767286440000,2026-01-01T16:54:00Z,SYNTHETIC_IMPORT,SAMPLE
1354,6,1767286485000,2026-01-01T16:54:45Z,SYNTHETIC_IMPORT,SAMPLE
1355,17,1767286530000,2026-01-01T16:55:30Z,SYNTHETIC_IMPORT,SAMPLE
1356,11,1767286575000,2026-01-01T16:56:15Z,SYNTHETIC_IMPORT,SAMPLE
1357,16,1767286620000,2026-01-01T16:57:00Z,SYNTHETIC_IMPORT,SAMPLE
1358,2,1767286665000,2026-01-01T16:57:45Z,SYNTHETIC_IMPORT,SAMPLE
1359,32,1767286710000,2026-01-01T16:58:30Z,SYNTHETIC_IMPORT,SAMPLE
1360,30,1767286755000,2026-01-01T16:59:15Z,SYNTHETIC_IMPORT,SAMPLE
1361,15,1767286800000,2026-01-01T17:00:00Z,SYNTHETIC_IMPORT,SAMPLE
1362,22,1767286845000,2026-01-01T17:00:45Z,SYNTHETIC_IMPORT,SAMPLE
1363,31,1767286890000,2026-01-01T17:01:30Z,SYNTHETIC_IMPORT,SAMPLE
1364,35,1767286935000,2026-01-01T17:02:15Z,SYNTHETIC_IMPORT,SAMPLE
1365,31,1767286980000,2026-01-01T17:03:00Z,SYNTHETIC_IMPORT,SAMPLE
1366,33,1767287025000,2026-01-01T17:03:45Z,SYNTHETIC_IMPORT,SAMPLE
1367,30,1767287070000,2026-01-01T17:04:30Z,SYNTHETIC_IMPORT,SAMPLE
1368,12,1767287115000,2026-01-01T17:05:15Z,SYNTHETIC_IMPORT,SAMPLE
1369,17,1767287160000,2026-01-01T17:06:00Z,SYNTHETIC_IMPORT,SAMPLE
1370,29,1767287205000,2026-01-01T17:06:45Z,SYNTHETIC_IMPORT,SAMPLE
1371,12,1767287250000,2026-01-01T17:07:30Z,SYNTHETIC_IMPORT,SAMPLE
1372,24,1767287295000,2026-01-01T17:08:15Z,SYNTHETIC_IMPORT,SAMPLE
1373,19,1767287340000,2026-01-01T17:09:00Z,SYNTHETIC_IMPORT,SAMPLE
1374,32,1767287385000,2026-01-01T17:09:45Z,SYNTHETIC_IMPORT,SAMPLE
1375,18,1767287430000,2026-01-01T17:10:30Z,SYNTHETIC_IMPORT,SAMPLE
1376,10,1767287475000,2026-01-01T17:11:15Z,SYNTHETIC_IMPORT,SAMPLE
1377,14,1767287520000,2026-01-01T17:12:00Z,SYNTHETIC_IMPORT,SAMPLE
1378,21,1767287565000,2026-01-01T17:12:45Z,SYNTHETIC_IMPORT,SAMPLE
1379,28,1767287610000,2026-01-01T17:13:30Z,SYNTHETIC_IMPORT,SAMPLE
1380,32,1767287655000,2026-01-01T17:14:15Z,SYNTHETIC_IMPORT,SAMPLE
1381,8,1767287700000,2026-01-01T17:15:00Z,SYNTHETIC_IMPORT,SAMPLE
1382,2,1767287745000,2026-01-01T17:15:45Z,SYNTHETIC_IMPORT,SAMPLE
1383,18,1767287790000,2026-01-01T17:16:30Z,SYNTHETIC_IMPORT,SAMPLE
1384,1,1767287835000,2026-01-01T17:17:15Z,SYNTHETIC_IMPORT,SAMPLE
1385,16,1767287880000,2026-01-01T17:18:00Z,SYNTHETIC_IMPORT,SAMPLE
1386,2,1767287925000,2026-01-01T17:18:45Z,SYNTHETIC_IMPORT,SAMPLE
1387,30,1767287970000,2026-01-01T17:19:30Z,SYNTHETIC_IMPORT,SAMPLE
1388,23,1767288015000,2026-01-01T17:20:15Z,SYNTHETIC_IMPORT,SAMPLE
1389,18,1767288060000,2026-01-01T17:21:00Z,SYNTHETIC_IMPORT,SAMPLE
1390,27,1767288105000,2026-01-01T17:21:45Z,SYNTHETIC_IMPORT,SAMPLE
1391,28,1767288150000,2026-01-01T17:22:30Z,SYNTHETIC_IMPORT,SAMPLE
1392,34,1767288195000,2026-01-01T17:23:15Z,SYNTHETIC_IMPORT,SAMPLE
1393,1,1767288240000,2026-01-01T17:24:00Z,SYNTHETIC_IMPORT,SAMPLE
1394,35,1767288285000,2026-01-01T17:24:45Z,SYNTHETIC_IMPORT,SAMPLE
1395,5,1767288330000,2026-01-01T17:25:30Z,SYNTHETIC_IMPORT,SAMPLE
1396,17,1767288375000,2026-01-01T17:26:15Z,SYNTHETIC_IMPORT,SAMPLE
1397,31,1767288420000,2026-01-01T17:27:00Z,SYNTHETIC_IMPORT,SAMPLE
1398,19,1767288465000,2026-01-01T17:27:45Z,SYNTHETIC_IMPORT,SAMPLE
1399,25,1767288510000,2026-01-01T17:28:30Z,SYNTHETIC_IMPORT,SAMPLE
1400,31,1767288555000,2026-01-01T17:29:15Z,SYNTHETIC_IMPORT,SAMPLE
1401,2,1767288600000,2026-01-01T17:30:00Z,SYNTHETIC_IMPORT,SAMPLE
1402,30,1767288645000,2026-01-01T17:30:45Z,SYNTHETIC_IMPORT,SAMPLE
1403,2,1767288690000,2026-01-01T17:31:30Z,SYNTHETIC_IMPORT,SAMPLE
1404,25,1767288735000,2026-01-01T17:32:15Z,SYNTHETIC_IMPORT,SAMPLE
1405,4,1767288780000,2026-01-01T17:33:00Z,SYNTHETIC_IMPORT,SAMPLE
1406,36,1767288825000,2026-01-01T17:33:45Z,SYNTHETIC_IMPORT,SAMPLE
1407,32,1767288870000,2026-01-01T17:34:30Z,SYNTHETIC_IMPORT,SAMPLE
1408,20,1767288915000,2026-01-01T17:35:15Z,SYNTHETIC_IMPORT,SAMPLE
1409,31,1767288960000,2026-01-01T17:36:00Z,SYNTHETIC_IMPORT,SAMPLE
1410,1,1767289005000,2026-01-01T17:36:45Z,SYNTHETIC_IMPORT,SAMPLE
1411,24,1767289050000,2026-01-01T17:37:30Z,SYNTHETIC_IMPORT,SAMPLE
1412,21,1767289095000,2026-01-01T17:38:15Z,SYNTHETIC_IMPORT,SAMPLE
1413,20,1767289140000,2026-01-01T17:39:00Z,SYNTHETIC_IMPORT,SAMPLE
1414,24,1767289185000,2026-01-01T17:39:45Z,SYNTHETIC_IMPORT,SAMPLE
1415,30,1767289230000,2026-01-01T17:40:30Z,SYNTHETIC_IMPORT,SAMPLE
1416,0,1767289275000,2026-01-01T17:41:15Z,SYNTHETIC_IMPORT,SAMPLE
1417,16,1767289320000,2026-01-01T17:42:00Z,SYNTHETIC_IMPORT,SAMPLE
1418,24,1767289365000,2026-01-01T17:42:45Z,SYNTHETIC_IMPORT,SAMPLE
1419,21,1767289410000,2026-01-01T17:43:30Z,SYNTHETIC_IMPORT,SAMPLE
1420,32,1767289455000,2026-01-01T17:44:15Z,SYNTHETIC_IMPORT,SAMPLE
1421,6,1767289500000,2026-01-01T17:45:00Z,SYNTHETIC_IMPORT,SAMPLE
1422,16,1767289545000,2026-01-01T17:45:45Z,SYNTHETIC_IMPORT,SAMPLE
1423,30,1767289590000,2026-01-01T17:46:30Z,SYNTHETIC_IMPORT,SAMPLE
1424,28,1767289635000,2026-01-01T17:47:15Z,SYNTHETIC_IMPORT,SAMPLE
1425,36,1767289680000,2026-01-01T17:48:00Z,SYNTHETIC_IMPORT,SAMPLE
1426,4,1767289725000,2026-01-01T17:48:45Z,SYNTHETIC_IMPORT,SAMPLE
1427,31,1767289770000,2026-01-01T17:49:30Z,SYNTHETIC_IMPORT,SAMPLE
1428,20,1767289815000,2026-01-01T17:50:15Z,SYNTHETIC_IMPORT,SAMPLE
1429,4,1767289860000,2026-01-01T17:51:00Z,SYNTHETIC_IMPORT,SAMPLE
1430,9,1767289905000,2026-01-01T17:51:45Z,SYNTHETIC_IMPORT,SAMPLE
1431,13,1767289950000,2026-01-01T17:52:30Z,SYNTHETIC_IMPORT,SAMPLE
1432,5,1767289995000,2026-01-01T17:53:15Z,SYNTHETIC_IMPORT,SAMPLE
1433,26,1767290040000,2026-01-01T17:54:00Z,SYNTHETIC_IMPORT,SAMPLE
1434,28,1767290085000,2026-01-01T17:54:45Z,SYNTHETIC_IMPORT,SAMPLE
1435,13,1767290130000,2026-01-01T17:55:30Z,SYNTHETIC_IMPORT,SAMPLE
1436,23,1767290175000,2026-01-01T17:56:15Z,SYNTHETIC_IMPORT,SAMPLE
1437,23,1767290220000,2026-01-01T17:57:00Z,SYNTHETIC_IMPORT,SAMPLE
1438,11,1767290265000,2026-01-01T17:57:45Z,SYNTHETIC_IMPORT,SAMPLE
1439,20,1767290310000,2026-01-01T17:58:30Z,SYNTHETIC_IMPORT,SAMPLE
1440,20,1767290355000,2026-01-01T17:59:15Z,SYNTHETIC_IMPORT,SAMPLE
1441,20,1767290400000,2026-01-01T18:00:00Z,SYNTHETIC_IMPORT,SAMPLE
1442,4,1767290445000,2026-01-01T18:00:45Z,SYNTHETIC_IMPORT,SAMPLE
1443,34,1767290490000,2026-01-01T18:01:30Z,SYNTHETIC_IMPORT,SAMPLE
1444,21,1767290535000,2026-01-01T18:02:15Z,SYNTHETIC_IMPORT,SAMPLE
1445,28,1767290580000,2026-01-01T18:03:00Z,SYNTHETIC_IMPORT,SAMPLE
1446,30,1767290625000,2026-01-01T18:03:45Z,SYNTHETIC_IMPORT,SAMPLE
1447,27,1767290670000,2026-01-01T18:04:30Z,SYNTHETIC_IMPORT,SAMPLE
1448,4,1767290715000,2026-01-01T18:05:15Z,SYNTHETIC_IMPORT,SAMPLE
1449,26,1767290760000,2026-01-01T18:06:00Z,SYNTHETIC_IMPORT,SAMPLE
1450,16,1767290805000,2026-01-01T18:06:45Z,SYNTHETIC_IMPORT,SAMPLE
1451,25,1767290850000,2026-01-01T18:07:30Z,SYNTHETIC_IMPORT,SAMPLE
1452,34,1767290895000,2026-01-01T18:08:15Z,SYNTHETIC_IMPORT,SAMPLE
1453,18,1767290940000,2026-01-01T18:09:00Z,SYNTHETIC_IMPORT,SAMPLE
1454,11,1767290985000,2026-01-01T18:09:45Z,SYNTHETIC_IMPORT,SAMPLE
1455,11,1767291030000,2026-01-01T18:10:30Z,SYNTHETIC_IMPORT,SAMPLE
1456,23,1767291075000,2026-01-01T18:11:15Z,SYNTHETIC_IMPORT,SAMPLE
1457,32,1767291120000,2026-01-01T18:12:00Z,SYNTHETIC_IMPORT,SAMPLE
1458,20,1767291165000,2026-01-01T18:12:45Z,SYNTHETIC_IMPORT,SAMPLE
1459,34,1767291210000,2026-01-01T18:13:30Z,SYNTHETIC_IMPORT,SAMPLE
1460,6,1767291255000,2026-01-01T18:14:15Z,SYNTHETIC_IMPORT,SAMPLE
1461,11,1767291300000,2026-01-01T18:15:00Z,SYNTHETIC_IMPORT,SAMPLE
1462,36,1767291345000,2026-01-01T18:15:45Z,SYNTHETIC_IMPORT,SAMPLE
1463,19,1767291390000,2026-01-01T18:16:30Z,SYNTHETIC_IMPORT,SAMPLE
1464,28,1767291435000,2026-01-01T18:17:15Z,SYNTHETIC_IMPORT,SAMPLE
1465,17,1767291480000,2026-01-01T18:18:00Z,SYNTHETIC_IMPORT,SAMPLE
1466,15,1767291525000,2026-01-01T18:18:45Z,SYNTHETIC_IMPORT,SAMPLE
1467,11,1767291570000,2026-01-01T18:19:30Z,SYNTHETIC_IMPORT,SAMPLE
1468,3,1767291615000,2026-01-01T18:20:15Z,SYNTHETIC_IMPORT,SAMPLE
1469,34,1767291660000,2026-01-01T18:21:00Z,SYNTHETIC_IMPORT,SAMPLE
1470,0,1767291705000,2026-01-01T18:21:45Z,SYNTHETIC_IMPORT,SAMPLE
1471,16,1767291750000,2026-01-01T18:22:30Z,SYNTHETIC_IMPORT,SAMPLE
1472,8,1767291795000,2026-01-01T18:23:15Z,SYNTHETIC_IMPORT,SAMPLE
1473,35,1767291840000,2026-01-01T18:24:00Z,SYNTHETIC_IMPORT,SAMPLE
1474,21,1767291885000,2026-01-01T18:24:45Z,SYNTHETIC_IMPORT,SAMPLE
1475,7,1767291930000,2026-01-01T18:25:30Z,SYNTHETIC_IMPORT,SAMPLE
1476,9,1767291975000,2026-01-01T18:26:15Z,SYNTHETIC_IMPORT,SAMPLE
1477,11,1767292020000,2026-01-01T18:27:00Z,SYNTHETIC_IMPORT,SAMPLE
1478,7,1767292065000,2026-01-01T18:27:45Z,SYNTHETIC_IMPORT,SAMPLE
1479,9,1767292110000,2026-01-01T18:28:30Z,SYNTHETIC_IMPORT,SAMPLE
1480,16,1767292155000,2026-01-01T18:29:15Z,SYNTHETIC_IMPORT,SAMPLE
1481,19,1767292200000,2026-01-01T18:30:00Z,SYNTHETIC_IMPORT,SAMPLE
1482,11,1767292245000,2026-01-01T18:30:45Z,SYNTHETIC_IMPORT,SAMPLE
1483,17,1767292290000,2026-01-01T18:31:30Z,SYNTHETIC_IMPORT,SAMPLE
1484,27,1767292335000,2026-01-01T18:32:15Z,SYNTHETIC_IMPORT,SAMPLE
1485,24,1767292380000,2026-01-01T18:33:00Z,SYNTHETIC_IMPORT,SAMPLE
1486,23,1767292425000,2026-01-01T18:33:45Z,SYNTHETIC_IMPORT,SAMPLE
1487,15,1767292470000,2026-01-01T18:34:30Z,SYNTHETIC_IMPORT,SAMPLE
1488,2,1767292515000,2026-01-01T18:35:15Z,SYNTHETIC_IMPORT,SAMPLE
1489,19,1767292560000,2026-01-01T18:36:00Z,SYNTHETIC_IMPORT,SAMPLE
1490,34,1767292605000,2026-01-01T18:36:45Z,SYNTHETIC_IMPORT,SAMPLE
1491,29,1767292650000,2026-01-01T18:37:30Z,SYNTHETIC_IMPORT,SAMPLE
1492,10,1767292695000,2026-01-01T18:38:15Z,SYNTHETIC_IMPORT,SAMPLE
1493,22,1767292740000,2026-01-01T18:39:00Z,SYNTHETIC_IMPORT,SAMPLE
1494,16,1767292785000,2026-01-01T18:39:45Z,SYNTHETIC_IMPORT,SAMPLE
1495,36,1767292830000,2026-01-01T18:40:30Z,SYNTHETIC_IMPORT,SAMPLE
1496,15,1767292875000,2026-01-01T18:41:15Z,SYNTHETIC_IMPORT,SAMPLE
1497,34,1767292920000,2026-01-01T18:42:00Z,SYNTHETIC_IMPORT,SAMPLE
1498,35,1767292965000,2026-01-01T18:42:45Z,SYNTHETIC_IMPORT,SAMPLE
1499,31,1767293010000,2026-01-01T18:43:30Z,SYNTHETIC_IMPORT,SAMPLE
1500,23,1767293055000,2026-01-01T18:44:15Z,SYNTHETIC_IMPORT,SAMPLE
1501,33,1767293100000,2026-01-01T18:45:00Z,SYNTHETIC_IMPORT,SAMPLE
1502,36,1767293145000,2026-01-01T18:45:45Z,SYNTHETIC_IMPORT,SAMPLE
1503,23,1767293190000,2026-01-01T18:46:30Z,SYNTHETIC_IMPORT,SAMPLE
1504,4,1767293235000,2026-01-01T18:47:15Z,SYNTHETIC_IMPORT,SAMPLE
1505,8,1767293280000,2026-01-01T18:48:00Z,SYNTHETIC_IMPORT,SAMPLE
1506,4,1767293325000,2026-01-01T18:48:45Z,SYNTHETIC_IMPORT,SAMPLE
1507,23,1767293370000,2026-01-01T18:49:30Z,SYNTHETIC_IMPORT,SAMPLE
1508,11,1767293415000,2026-01-01T18:50:15Z,SYNTHETIC_IMPORT,SAMPLE
1509,12,1767293460000,2026-01-01T18:51:00Z,SYNTHETIC_IMPORT,SAMPLE
1510,22,1767293505000,2026-01-01T18:51:45Z,SYNTHETIC_IMPORT,SAMPLE
1511,18,1767293550000,2026-01-01T18:52:30Z,SYNTHETIC_IMPORT,SAMPLE
1512,9,1767293595000,2026-01-01T18:53:15Z,SYNTHETIC_IMPORT,SAMPLE
1513,5,1767293640000,2026-01-01T18:54:00Z,SYNTHETIC_IMPORT,SAMPLE
1514,4,1767293685000,2026-01-01T18:54:45Z,SYNTHETIC_IMPORT,SAMPLE
1515,35,1767293730000,2026-01-01T18:55:30Z,SYNTHETIC_IMPORT,SAMPLE
1516,33,1767293775000,2026-01-01T18:56:15Z,SYNTHETIC_IMPORT,SAMPLE
1517,12,1767293820000,2026-01-01T18:57:00Z,SYNTHETIC_IMPORT,SAMPLE
1518,21,1767293865000,2026-01-01T18:57:45Z,SYNTHETIC_IMPORT,SAMPLE
1519,8,1767293910000,2026-01-01T18:58:30Z,SYNTHETIC_IMPORT,SAMPLE
1520,31,1767293955000,2026-01-01T18:59:15Z,SYNTHETIC_IMPORT,SAMPLE
1521,2,1767294000000,2026-01-01T19:00:00Z,SYNTHETIC_IMPORT,SAMPLE
1522,17,1767294045000,2026-01-01T19:00:45Z,SYNTHETIC_IMPORT,SAMPLE
1523,10,1767294090000,2026-01-01T19:01:30Z,SYNTHETIC_IMPORT,SAMPLE
1524,29,1767294135000,2026-01-01T19:02:15Z,SYNTHETIC_IMPORT,SAMPLE
1525,18,1767294180000,2026-01-01T19:03:00Z,SYNTHETIC_IMPORT,SAMPLE
1526,10,1767294225000,2026-01-01T19:03:45Z,SYNTHETIC_IMPORT,SAMPLE
1527,15,1767294270000,2026-01-01T19:04:30Z,SYNTHETIC_IMPORT,SAMPLE
1528,24,1767294315000,2026-01-01T19:05:15Z,SYNTHETIC_IMPORT,SAMPLE
1529,27,1767294360000,2026-01-01T19:06:00Z,SYNTHETIC_IMPORT,SAMPLE
1530,21,1767294405000,2026-01-01T19:06:45Z,SYNTHETIC_IMPORT,SAMPLE
1531,9,1767294450000,2026-01-01T19:07:30Z,SYNTHETIC_IMPORT,SAMPLE
1532,6,1767294495000,2026-01-01T19:08:15Z,SYNTHETIC_IMPORT,SAMPLE
1533,1,1767294540000,2026-01-01T19:09:00Z,SYNTHETIC_IMPORT,SAMPLE
1534,25,1767294585000,2026-01-01T19:09:45Z,SYNTHETIC_IMPORT,SAMPLE
1535,1,1767294630000,2026-01-01T19:10:30Z,SYNTHETIC_IMPORT,SAMPLE
1536,1,1767294675000,2026-01-01T19:11:15Z,SYNTHETIC_IMPORT,SAMPLE
1537,21,1767294720000,2026-01-01T19:12:00Z,SYNTHETIC_IMPORT,SAMPLE
1538,12,1767294765000,2026-01-01T19:12:45Z,SYNTHETIC_IMPORT,SAMPLE
1539,14,1767294810000,2026-01-01T19:13:30Z,SYNTHETIC_IMPORT,SAMPLE
1540,23,1767294855000,2026-01-01T19:14:15Z,SYNTHETIC_IMPORT,SAMPLE
1541,11,1767294900000,2026-01-01T19:15:00Z,SYNTHETIC_IMPORT,SAMPLE
1542,32,1767294945000,2026-01-01T19:15:45Z,SYNTHETIC_IMPORT,SAMPLE
1543,11,1767294990000,2026-01-01T19:16:30Z,SYNTHETIC_IMPORT,SAMPLE
1544,16,1767295035000,2026-01-01T19:17:15Z,SYNTHETIC_IMPORT,SAMPLE
1545,27,1767295080000,2026-01-01T19:18:00Z,SYNTHETIC_IMPORT,SAMPLE
1546,5,1767295125000,2026-01-01T19:18:45Z,SYNTHETIC_IMPORT,SAMPLE
1547,4,1767295170000,2026-01-01T19:19:30Z,SYNTHETIC_IMPORT,SAMPLE
1548,22,1767295215000,2026-01-01T19:20:15Z,SYNTHETIC_IMPORT,SAMPLE
1549,35,1767295260000,2026-01-01T19:21:00Z,SYNTHETIC_IMPORT,SAMPLE
1550,12,1767295305000,2026-01-01T19:21:45Z,SYNTHETIC_IMPORT,SAMPLE
1551,18,1767295350000,2026-01-01T19:22:30Z,SYNTHETIC_IMPORT,SAMPLE
1552,15,1767295395000,2026-01-01T19:23:15Z,SYNTHETIC_IMPORT,SAMPLE
1553,18,1767295440000,2026-01-01T19:24:00Z,SYNTHETIC_IMPORT,SAMPLE
1554,20,1767295485000,2026-01-01T19:24:45Z,SYNTHETIC_IMPORT,SAMPLE
1555,8,1767295530000,2026-01-01T19:25:30Z,SYNTHETIC_IMPORT,SAMPLE
1556,24,1767295575000,2026-01-01T19:26:15Z,SYNTHETIC_IMPORT,SAMPLE
1557,28,1767295620000,2026-01-01T19:27:00Z,SYNTHETIC_IMPORT,SAMPLE
1558,18,1767295665000,2026-01-01T19:27:45Z,SYNTHETIC_IMPORT,SAMPLE
1559,11,1767295710000,2026-01-01T19:28:30Z,SYNTHETIC_IMPORT,SAMPLE
1560,36,1767295755000,2026-01-01T19:29:15Z,SYNTHETIC_IMPORT,SAMPLE
1561,5,1767295800000,2026-01-01T19:30:00Z,SYNTHETIC_IMPORT,SAMPLE
1562,17,1767295845000,2026-01-01T19:30:45Z,SYNTHETIC_IMPORT,SAMPLE
1563,8,1767295890000,2026-01-01T19:31:30Z,SYNTHETIC_IMPORT,SAMPLE
1564,15,1767295935000,2026-01-01T19:32:15Z,SYNTHETIC_IMPORT,SAMPLE
1565,6,1767295980000,2026-01-01T19:33:00Z,SYNTHETIC_IMPORT,SAMPLE
1566,9,1767296025000,2026-01-01T19:33:45Z,SYNTHETIC_IMPORT,SAMPLE
1567,17,1767296070000,2026-01-01T19:34:30Z,SYNTHETIC_IMPORT,SAMPLE
1568,20,1767296115000,2026-01-01T19:35:15Z,SYNTHETIC_IMPORT,SAMPLE
1569,6,1767296160000,2026-01-01T19:36:00Z,SYNTHETIC_IMPORT,SAMPLE
1570,35,1767296205000,2026-01-01T19:36:45Z,SYNTHETIC_IMPORT,SAMPLE
1571,35,1767296250000,2026-01-01T19:37:30Z,SYNTHETIC_IMPORT,SAMPLE
1572,10,1767296295000,2026-01-01T19:38:15Z,SYNTHETIC_IMPORT,SAMPLE
1573,6,1767296340000,2026-01-01T19:39:00Z,SYNTHETIC_IMPORT,SAMPLE
1574,26,1767296385000,2026-01-01T19:39:45Z,SYNTHETIC_IMPORT,SAMPLE
1575,1,1767296430000,2026-01-01T19:40:30Z,SYNTHETIC_IMPORT,SAMPLE
1576,28,1767296475000,2026-01-01T19:41:15Z,SYNTHETIC_IMPORT,SAMPLE
1577,20,1767296520000,2026-01-01T19:42:00Z,SYNTHETIC_IMPORT,SAMPLE
1578,33,1767296565000,2026-01-01T19:42:45Z,SYNTHETIC_IMPORT,SAMPLE
1579,16,1767296610000,2026-01-01T19:43:30Z,SYNTHETIC_IMPORT,SAMPLE
1580,1,1767296655000,2026-01-01T19:44:15Z,SYNTHETIC_IMPORT,SAMPLE
1581,23,1767296700000,2026-01-01T19:45:00Z,SYNTHETIC_IMPORT,SAMPLE
1582,20,1767296745000,2026-01-01T19:45:45Z,SYNTHETIC_IMPORT,SAMPLE
1583,23,1767296790000,2026-01-01T19:46:30Z,SYNTHETIC_IMPORT,SAMPLE
1584,30,1767296835000,2026-01-01T19:47:15Z,SYNTHETIC_IMPORT,SAMPLE
1585,4,1767296880000,2026-01-01T19:48:00Z,SYNTHETIC_IMPORT,SAMPLE
1586,11,1767296925000,2026-01-01T19:48:45Z,SYNTHETIC_IMPORT,SAMPLE
1587,27,1767296970000,2026-01-01T19:49:30Z,SYNTHETIC_IMPORT,SAMPLE
1588,29,1767297015000,2026-01-01T19:50:15Z,SYNTHETIC_IMPORT,SAMPLE
1589,9,1767297060000,2026-01-01T19:51:00Z,SYNTHETIC_IMPORT,SAMPLE
1590,30,1767297105000,2026-01-01T19:51:45Z,SYNTHETIC_IMPORT,SAMPLE
1591,7,1767297150000,2026-01-01T19:52:30Z,SYNTHETIC_IMPORT,SAMPLE
1592,16,1767297195000,2026-01-01T19:53:15Z,SYNTHETIC_IMPORT,SAMPLE
1593,6,1767297240000,2026-01-01T19:54:00Z,SYNTHETIC_IMPORT,SAMPLE
1594,14,1767297285000,2026-01-01T19:54:45Z,SYNTHETIC_IMPORT,SAMPLE
1595,1,1767297330000,2026-01-01T19:55:30Z,SYNTHETIC_IMPORT,SAMPLE
1596,9,1767297375000,2026-01-01T19:56:15Z,SYNTHETIC_IMPORT,SAMPLE
1597,6,1767297420000,2026-01-01T19:57:00Z,SYNTHETIC_IMPORT,SAMPLE
1598,30,1767297465000,2026-01-01T19:57:45Z,SYNTHETIC_IMPORT,SAMPLE
1599,21,1767297510000,2026-01-01T19:58:30Z,SYNTHETIC_IMPORT,SAMPLE
1600,16,1767297555000,2026-01-01T19:59:15Z,SYNTHETIC_IMPORT,SAMPLE
1601,4,1767297600000,2026-01-01T20:00:00Z,SYNTHETIC_IMPORT,SAMPLE
1602,35,1767297645000,2026-01-01T20:00:45Z,SYNTHETIC_IMPORT,SAMPLE
1603,15,1767297690000,2026-01-01T20:01:30Z,SYNTHETIC_IMPORT,SAMPLE
1604,10,1767297735000,2026-01-01T20:02:15Z,SYNTHETIC_IMPORT,SAMPLE
1605,9,1767297780000,2026-01-01T20:03:00Z,SYNTHETIC_IMPORT,SAMPLE
1606,1,1767297825000,2026-01-01T20:03:45Z,SYNTHETIC_IMPORT,SAMPLE
1607,34,1767297870000,2026-01-01T20:04:30Z,SYNTHETIC_IMPORT,SAMPLE
1608,9,1767297915000,2026-01-01T20:05:15Z,SYNTHETIC_IMPORT,SAMPLE
1609,4,1767297960000,2026-01-01T20:06:00Z,SYNTHETIC_IMPORT,SAMPLE
1610,33,1767298005000,2026-01-01T20:06:45Z,SYNTHETIC_IMPORT,SAMPLE
1611,2,1767298050000,2026-01-01T20:07:30Z,SYNTHETIC_IMPORT,SAMPLE
1612,13,1767298095000,2026-01-01T20:08:15Z,SYNTHETIC_IMPORT,SAMPLE
1613,27,1767298140000,2026-01-01T20:09:00Z,SYNTHETIC_IMPORT,SAMPLE
1614,24,1767298185000,2026-01-01T20:09:45Z,SYNTHETIC_IMPORT,SAMPLE
1615,27,1767298230000,2026-01-01T20:10:30Z,SYNTHETIC_IMPORT,SAMPLE
1616,25,1767298275000,2026-01-01T20:11:15Z,SYNTHETIC_IMPORT,SAMPLE
1617,32,1767298320000,2026-01-01T20:12:00Z,SYNTHETIC_IMPORT,SAMPLE
1618,10,1767298365000,2026-01-01T20:12:45Z,SYNTHETIC_IMPORT,SAMPLE
1619,4,1767298410000,2026-01-01T20:13:30Z,SYNTHETIC_IMPORT,SAMPLE
1620,25,1767298455000,2026-01-01T20:14:15Z,SYNTHETIC_IMPORT,SAMPLE
1621,9,1767298500000,2026-01-01T20:15:00Z,SYNTHETIC_IMPORT,SAMPLE
1622,0,1767298545000,2026-01-01T20:15:45Z,SYNTHETIC_IMPORT,SAMPLE
1623,6,1767298590000,2026-01-01T20:16:30Z,SYNTHETIC_IMPORT,SAMPLE
1624,17,1767298635000,2026-01-01T20:17:15Z,SYNTHETIC_IMPORT,SAMPLE
1625,6,1767298680000,2026-01-01T20:18:00Z,SYNTHETIC_IMPORT,SAMPLE
1626,5,1767298725000,2026-01-01T20:18:45Z,SYNTHETIC_IMPORT,SAMPLE
1627,5,1767298770000,2026-01-01T20:19:30Z,SYNTHETIC_IMPORT,SAMPLE
1628,22,1767298815000,2026-01-01T20:20:15Z,SYNTHETIC_IMPORT,SAMPLE
1629,2,1767298860000,2026-01-01T20:21:00Z,SYNTHETIC_IMPORT,SAMPLE
1630,36,1767298905000,2026-01-01T20:21:45Z,SYNTHETIC_IMPORT,SAMPLE
1631,10,1767298950000,2026-01-01T20:22:30Z,SYNTHETIC_IMPORT,SAMPLE
1632,11,1767298995000,2026-01-01T20:23:15Z,SYNTHETIC_IMPORT,SAMPLE
1633,33,1767299040000,2026-01-01T20:24:00Z,SYNTHETIC_IMPORT,SAMPLE
1634,14,1767299085000,2026-01-01T20:24:45Z,SYNTHETIC_IMPORT,SAMPLE
1635,28,1767299130000,2026-01-01T20:25:30Z,SYNTHETIC_IMPORT,SAMPLE
1636,29,1767299175000,2026-01-01T20:26:15Z,SYNTHETIC_IMPORT,SAMPLE
1637,9,1767299220000,2026-01-01T20:27:00Z,SYNTHETIC_IMPORT,SAMPLE
1638,13,1767299265000,2026-01-01T20:27:45Z,SYNTHETIC_IMPORT,SAMPLE
1639,14,1767299310000,2026-01-01T20:28:30Z,SYNTHETIC_IMPORT,SAMPLE
1640,25,1767299355000,2026-01-01T20:29:15Z,SYNTHETIC_IMPORT,SAMPLE
1641,29,1767299400000,2026-01-01T20:30:00Z,SYNTHETIC_IMPORT,SAMPLE
1642,16,1767299445000,2026-01-01T20:30:45Z,SYNTHETIC_IMPORT,SAMPLE
1643,21,1767299490000,2026-01-01T20:31:30Z,SYNTHETIC_IMPORT,SAMPLE
1644,0,1767299535000,2026-01-01T20:32:15Z,SYNTHETIC_IMPORT,SAMPLE
1645,25,1767299580000,2026-01-01T20:33:00Z,SYNTHETIC_IMPORT,SAMPLE
1646,35,1767299625000,2026-01-01T20:33:45Z,SYNTHETIC_IMPORT,SAMPLE
1647,6,1767299670000,2026-01-01T20:34:30Z,SYNTHETIC_IMPORT,SAMPLE
1648,15,1767299715000,2026-01-01T20:35:15Z,SYNTHETIC_IMPORT,SAMPLE
1649,27,1767299760000,2026-01-01T20:36:00Z,SYNTHETIC_IMPORT,SAMPLE
1650,1,1767299805000,2026-01-01T20:36:45Z,SYNTHETIC_IMPORT,SAMPLE
1651,7,1767299850000,2026-01-01T20:37:30Z,SYNTHETIC_IMPORT,SAMPLE
1652,25,1767299895000,2026-01-01T20:38:15Z,SYNTHETIC_IMPORT,SAMPLE
1653,8,1767299940000,2026-01-01T20:39:00Z,SYNTHETIC_IMPORT,SAMPLE
1654,9,1767299985000,2026-01-01T20:39:45Z,SYNTHETIC_IMPORT,SAMPLE
1655,16,1767300030000,2026-01-01T20:40:30Z,SYNTHETIC_IMPORT,SAMPLE
1656,28,1767300075000,2026-01-01T20:41:15Z,SYNTHETIC_IMPORT,SAMPLE
1657,10,1767300120000,2026-01-01T20:42:00Z,SYNTHETIC_IMPORT,SAMPLE
1658,9,1767300165000,2026-01-01T20:42:45Z,SYNTHETIC_IMPORT,SAMPLE
1659,31,1767300210000,2026-01-01T20:43:30Z,SYNTHETIC_IMPORT,SAMPLE
1660,22,1767300255000,2026-01-01T20:44:15Z,SYNTHETIC_IMPORT,SAMPLE
1661,2,1767300300000,2026-01-01T20:45:00Z,SYNTHETIC_IMPORT,SAMPLE
1662,29,1767300345000,2026-01-01T20:45:45Z,SYNTHETIC_IMPORT,SAMPLE
1663,8,1767300390000,2026-01-01T20:46:30Z,SYNTHETIC_IMPORT,SAMPLE
1664,24,1767300435000,2026-01-01T20:47:15Z,SYNTHETIC_IMPORT,SAMPLE
1665,17,1767300480000,2026-01-01T20:48:00Z,SYNTHETIC_IMPORT,SAMPLE
1666,36,1767300525000,2026-01-01T20:48:45Z,SYNTHETIC_IMPORT,SAMPLE
1667,22,1767300570000,2026-01-01T20:49:30Z,SYNTHETIC_IMPORT,SAMPLE
1668,16,1767300615000,2026-01-01T20:50:15Z,SYNTHETIC_IMPORT,SAMPLE
1669,21,1767300660000,2026-01-01T20:51:00Z,SYNTHETIC_IMPORT,SAMPLE
1670,20,1767300705000,2026-01-01T20:51:45Z,SYNTHETIC_IMPORT,SAMPLE
1671,7,1767300750000,2026-01-01T20:52:30Z,SYNTHETIC_IMPORT,SAMPLE
1672,7,1767300795000,2026-01-01T20:53:15Z,SYNTHETIC_IMPORT,SAMPLE
1673,16,1767300840000,2026-01-01T20:54:00Z,SYNTHETIC_IMPORT,SAMPLE
1674,36,1767300885000,2026-01-01T20:54:45Z,SYNTHETIC_IMPORT,SAMPLE
1675,1,1767300930000,2026-01-01T20:55:30Z,SYNTHETIC_IMPORT,SAMPLE
1676,35,1767300975000,2026-01-01T20:56:15Z,SYNTHETIC_IMPORT,SAMPLE
1677,33,1767301020000,2026-01-01T20:57:00Z,SYNTHETIC_IMPORT,SAMPLE
1678,30,1767301065000,2026-01-01T20:57:45Z,SYNTHETIC_IMPORT,SAMPLE
1679,4,1767301110000,2026-01-01T20:58:30Z,SYNTHETIC_IMPORT,SAMPLE
1680,24,1767301155000,2026-01-01T20:59:15Z,SYNTHETIC_IMPORT,SAMPLE
1681,18,1767301200000,2026-01-01T21:00:00Z,SYNTHETIC_IMPORT,SAMPLE
1682,28,1767301245000,2026-01-01T21:00:45Z,SYNTHETIC_IMPORT,SAMPLE
1683,36,1767301290000,2026-01-01T21:01:30Z,SYNTHETIC_IMPORT,SAMPLE
1684,17,1767301335000,2026-01-01T21:02:15Z,SYNTHETIC_IMPORT,SAMPLE
1685,33,1767301380000,2026-01-01T21:03:00Z,SYNTHETIC_IMPORT,SAMPLE
1686,23,1767301425000,2026-01-01T21:03:45Z,SYNTHETIC_IMPORT,SAMPLE
1687,35,1767301470000,2026-01-01T21:04:30Z,SYNTHETIC_IMPORT,SAMPLE
1688,26,1767301515000,2026-01-01T21:05:15Z,SYNTHETIC_IMPORT,SAMPLE
1689,26,1767301560000,2026-01-01T21:06:00Z,SYNTHETIC_IMPORT,SAMPLE
1690,30,1767301605000,2026-01-01T21:06:45Z,SYNTHETIC_IMPORT,SAMPLE
1691,20,1767301650000,2026-01-01T21:07:30Z,SYNTHETIC_IMPORT,SAMPLE
1692,7,1767301695000,2026-01-01T21:08:15Z,SYNTHETIC_IMPORT,SAMPLE
1693,31,1767301740000,2026-01-01T21:09:00Z,SYNTHETIC_IMPORT,SAMPLE
1694,22,1767301785000,2026-01-01T21:09:45Z,SYNTHETIC_IMPORT,SAMPLE
1695,11,1767301830000,2026-01-01T21:10:30Z,SYNTHETIC_IMPORT,SAMPLE
1696,16,1767301875000,2026-01-01T21:11:15Z,SYNTHETIC_IMPORT,SAMPLE
1697,8,1767301920000,2026-01-01T21:12:00Z,SYNTHETIC_IMPORT,SAMPLE
1698,2,1767301965000,2026-01-01T21:12:45Z,SYNTHETIC_IMPORT,SAMPLE
1699,31,1767302010000,2026-01-01T21:13:30Z,SYNTHETIC_IMPORT,SAMPLE
1700,22,1767302055000,2026-01-01T21:14:15Z,SYNTHETIC_IMPORT,SAMPLE
1701,10,1767302100000,2026-01-01T21:15:00Z,SYNTHETIC_IMPORT,SAMPLE
1702,36,1767302145000,2026-01-01T21:15:45Z,SYNTHETIC_IMPORT,SAMPLE
1703,7,1767302190000,2026-01-01T21:16:30Z,SYNTHETIC_IMPORT,SAMPLE
1704,18,1767302235000,2026-01-01T21:17:15Z,SYNTHETIC_IMPORT,SAMPLE
1705,7,1767302280000,2026-01-01T21:18:00Z,SYNTHETIC_IMPORT,SAMPLE
1706,21,1767302325000,2026-01-01T21:18:45Z,SYNTHETIC_IMPORT,SAMPLE
1707,30,1767302370000,2026-01-01T21:19:30Z,SYNTHETIC_IMPORT,SAMPLE
1708,31,1767302415000,2026-01-01T21:20:15Z,SYNTHETIC_IMPORT,SAMPLE
1709,11,1767302460000,2026-01-01T21:21:00Z,SYNTHETIC_IMPORT,SAMPLE
1710,28,1767302505000,2026-01-01T21:21:45Z,SYNTHETIC_IMPORT,SAMPLE
1711,18,1767302550000,2026-01-01T21:22:30Z,SYNTHETIC_IMPORT,SAMPLE
1712,8,1767302595000,2026-01-01T21:23:15Z,SYNTHETIC_IMPORT,SAMPLE
1713,7,1767302640000,2026-01-01T21:24:00Z,SYNTHETIC_IMPORT,SAMPLE
1714,36,1767302685000,2026-01-01T21:24:45Z,SYNTHETIC_IMPORT,SAMPLE
1715,34,1767302730000,2026-01-01T21:25:30Z,SYNTHETIC_IMPORT,SAMPLE
1716,16,1767302775000,2026-01-01T21:26:15Z,SYNTHETIC_IMPORT,SAMPLE
1717,30,1767302820000,2026-01-01T21:27:00Z,SYNTHETIC_IMPORT,SAMPLE
1718,13,1767302865000,2026-01-01T21:27:45Z,SYNTHETIC_IMPORT,SAMPLE
1719,5,1767302910000,2026-01-01T21:28:30Z,SYNTHETIC_IMPORT,SAMPLE
1720,34,1767302955000,2026-01-01T21:29:15Z,SYNTHETIC_IMPORT,SAMPLE
1721,27,1767303000000,2026-01-01T21:30:00Z,SYNTHETIC_IMPORT,SAMPLE
1722,0,1767303045000,2026-01-01T21:30:45Z,SYNTHETIC_IMPORT,SAMPLE
1723,36,1767303090000,2026-01-01T21:31:30Z,SYNTHETIC_IMPORT,SAMPLE
1724,2,1767303135000,2026-01-01T21:32:15Z,SYNTHETIC_IMPORT,SAMPLE
1725,12,1767303180000,2026-01-01T21:33:00Z,SYNTHETIC_IMPORT,SAMPLE
1726,0,1767303225000,2026-01-01T21:33:45Z,SYNTHETIC_IMPORT,SAMPLE
1727,4,1767303270000,2026-01-01T21:34:30Z,SYNTHETIC_IMPORT,SAMPLE
1728,17,1767303315000,2026-01-01T21:35:15Z,SYNTHETIC_IMPORT,SAMPLE
1729,32,1767303360000,2026-01-01T21:36:00Z,SYNTHETIC_IMPORT,SAMPLE
1730,26,1767303405000,2026-01-01T21:36:45Z,SYNTHETIC_IMPORT,SAMPLE
1731,27,1767303450000,2026-01-01T21:37:30Z,SYNTHETIC_IMPORT,SAMPLE
1732,19,1767303495000,2026-01-01T21:38:15Z,SYNTHETIC_IMPORT,SAMPLE
1733,16,1767303540000,2026-01-01T21:39:00Z,SYNTHETIC_IMPORT,SAMPLE
1734,16,1767303585000,2026-01-01T21:39:45Z,SYNTHETIC_IMPORT,SAMPLE
1735,28,1767303630000,2026-01-01T21:40:30Z,SYNTHETIC_IMPORT,SAMPLE
1736,30,1767303675000,2026-01-01T21:41:15Z,SYNTHETIC_IMPORT,SAMPLE
1737,18,1767303720000,2026-01-01T21:42:00Z,SYNTHETIC_IMPORT,SAMPLE
1738,6,1767303765000,2026-01-01T21:42:45Z,SYNTHETIC_IMPORT,SAMPLE
1739,3,1767303810000,2026-01-01T21:43:30Z,SYNTHETIC_IMPORT,SAMPLE
1740,27,1767303855000,2026-01-01T21:44:15Z,SYNTHETIC_IMPORT,SAMPLE
1741,15,1767303900000,2026-01-01T21:45:00Z,SYNTHETIC_IMPORT,SAMPLE
1742,29,1767303945000,2026-01-01T21:45:45Z,SYNTHETIC_IMPORT,SAMPLE
1743,29,1767303990000,2026-01-01T21:46:30Z,SYNTHETIC_IMPORT,SAMPLE
1744,14,1767304035000,2026-01-01T21:47:15Z,SYNTHETIC_IMPORT,SAMPLE
1745,24,1767304080000,2026-01-01T21:48:00Z,SYNTHETIC_IMPORT,SAMPLE
1746,10,1767304125000,2026-01-01T21:48:45Z,SYNTHETIC_IMPORT,SAMPLE
1747,2,1767304170000,2026-01-01T21:49:30Z,SYNTHETIC_IMPORT,SAMPLE
1748,14,1767304215000,2026-01-01T21:50:15Z,SYNTHETIC_IMPORT,SAMPLE
1749,8,1767304260000,2026-01-01T21:51:00Z,SYNTHETIC_IMPORT,SAMPLE
1750,36,1767304305000,2026-01-01T21:51:45Z,SYNTHETIC_IMPORT,SAMPLE
1751,1,1767304350000,2026-01-01T21:52:30Z,SYNTHETIC_IMPORT,SAMPLE
1752,2,1767304395000,2026-01-01T21:53:15Z,SYNTHETIC_IMPORT,SAMPLE
1753,24,1767304440000,2026-01-01T21:54:00Z,SYNTHETIC_IMPORT,SAMPLE
1754,11,1767304485000,2026-01-01T21:54:45Z,SYNTHETIC_IMPORT,SAMPLE
1755,19,1767304530000,2026-01-01T21:55:30Z,SYNTHETIC_IMPORT,SAMPLE
1756,33,1767304575000,2026-01-01T21:56:15Z,SYNTHETIC_IMPORT,SAMPLE
1757,10,1767304620000,2026-01-01T21:57:00Z,SYNTHETIC_IMPORT,SAMPLE
1758,34,1767304665000,2026-01-01T21:57:45Z,SYNTHETIC_IMPORT,SAMPLE
1759,27,1767304710000,2026-01-01T21:58:30Z,SYNTHETIC_IMPORT,SAMPLE
1760,29,1767304755000,2026-01-01T21:59:15Z,SYNTHETIC_IMPORT,SAMPLE
1761,0,1767304800000,2026-01-01T22:00:00Z,SYNTHETIC_IMPORT,SAMPLE
1762,26,1767304845000,2026-01-01T22:00:45Z,SYNTHETIC_IMPORT,SAMPLE
1763,4,1767304890000,2026-01-01T22:01:30Z,SYNTHETIC_IMPORT,SAMPLE
1764,19,1767304935000,2026-01-01T22:02:15Z,SYNTHETIC_IMPORT,SAMPLE
1765,32,1767304980000,2026-01-01T22:03:00Z,SYNTHETIC_IMPORT,SAMPLE
1766,14,1767305025000,2026-01-01T22:03:45Z,SYNTHETIC_IMPORT,SAMPLE
1767,18,1767305070000,2026-01-01T22:04:30Z,SYNTHETIC_IMPORT,SAMPLE
1768,27,1767305115000,2026-01-01T22:05:15Z,SYNTHETIC_IMPORT,SAMPLE
1769,6,1767305160000,2026-01-01T22:06:00Z,SYNTHETIC_IMPORT,SAMPLE
1770,20,1767305205000,2026-01-01T22:06:45Z,SYNTHETIC_IMPORT,SAMPLE
1771,12,1767305250000,2026-01-01T22:07:30Z,SYNTHETIC_IMPORT,SAMPLE
1772,30,1767305295000,2026-01-01T22:08:15Z,SYNTHETIC_IMPORT,SAMPLE
1773,27,1767305340000,2026-01-01T22:09:00Z,SYNTHETIC_IMPORT,SAMPLE
1774,13,1767305385000,2026-01-01T22:09:45Z,SYNTHETIC_IMPORT,SAMPLE
1775,0,1767305430000,2026-01-01T22:10:30Z,SYNTHETIC_IMPORT,SAMPLE
1776,32,1767305475000,2026-01-01T22:11:15Z,SYNTHETIC_IMPORT,SAMPLE
1777,3,1767305520000,2026-01-01T22:12:00Z,SYNTHETIC_IMPORT,SAMPLE
1778,21,1767305565000,2026-01-01T22:12:45Z,SYNTHETIC_IMPORT,SAMPLE
1779,36,1767305610000,2026-01-01T22:13:30Z,SYNTHETIC_IMPORT,SAMPLE
1780,34,1767305655000,2026-01-01T22:14:15Z,SYNTHETIC_IMPORT,SAMPLE
1781,16,1767305700000,2026-01-01T22:15:00Z,SYNTHETIC_IMPORT,SAMPLE
1782,15,1767305745000,2026-01-01T22:15:45Z,SYNTHETIC_IMPORT,SAMPLE
1783,35,1767305790000,2026-01-01T22:16:30Z,SYNTHETIC_IMPORT,SAMPLE
1784,26,1767305835000,2026-01-01T22:17:15Z,SYNTHETIC_IMPORT,SAMPLE
1785,6,1767305880000,2026-01-01T22:18:00Z,SYNTHETIC_IMPORT,SAMPLE
1786,0,1767305925000,2026-01-01T22:18:45Z,SYNTHETIC_IMPORT,SAMPLE
1787,1,1767305970000,2026-01-01T22:19:30Z,SYNTHETIC_IMPORT,SAMPLE
1788,19,1767306015000,2026-01-01T22:20:15Z,SYNTHETIC_IMPORT,SAMPLE
1789,32,1767306060000,2026-01-01T22:21:00Z,SYNTHETIC_IMPORT,SAMPLE
1790,16,1767306105000,2026-01-01T22:21:45Z,SYNTHETIC_IMPORT,SAMPLE
1791,31,1767306150000,2026-01-01T22:22:30Z,SYNTHETIC_IMPORT,SAMPLE
1792,30,1767306195000,2026-01-01T22:23:15Z,SYNTHETIC_IMPORT,SAMPLE
1793,4,1767306240000,2026-01-01T22:24:00Z,SYNTHETIC_IMPORT,SAMPLE
1794,3,1767306285000,2026-01-01T22:24:45Z,SYNTHETIC_IMPORT,SAMPLE
1795,26,1767306330000,2026-01-01T22:25:30Z,SYNTHETIC_IMPORT,SAMPLE
1796,2,1767306375000,2026-01-01T22:26:15Z,SYNTHETIC_IMPORT,SAMPLE
1797,26,1767306420000,2026-01-01T22:27:00Z,SYNTHETIC_IMPORT,SAMPLE
1798,20,1767306465000,2026-01-01T22:27:45Z,SYNTHETIC_IMPORT,SAMPLE
1799,0,1767306510000,2026-01-01T22:28:30Z,SYNTHETIC_IMPORT,SAMPLE
1800,9,1767306555000,2026-01-01T22:29:15Z,SYNTHETIC_IMPORT,SAMPLE
1801,28,1767306600000,2026-01-01T22:30:00Z,SYNTHETIC_IMPORT,SAMPLE
1802,26,1767306645000,2026-01-01T22:30:45Z,SYNTHETIC_IMPORT,SAMPLE
1803,17,1767306690000,2026-01-01T22:31:30Z,SYNTHETIC_IMPORT,SAMPLE
1804,11,1767306735000,2026-01-01T22:32:15Z,SYNTHETIC_IMPORT,SAMPLE
1805,30,1767306780000,2026-01-01T22:33:00Z,SYNTHETIC_IMPORT,SAMPLE
1806,3,1767306825000,2026-01-01T22:33:45Z,SYNTHETIC_IMPORT,SAMPLE
1807,28,1767306870000,2026-01-01T22:34:30Z,SYNTHETIC_IMPORT,SAMPLE
1808,32,1767306915000,2026-01-01T22:35:15Z,SYNTHETIC_IMPORT,SAMPLE
1809,36,1767306960000,2026-01-01T22:36:00Z,SYNTHETIC_IMPORT,SAMPLE
1810,2,1767307005000,2026-01-01T22:36:45Z,SYNTHETIC_IMPORT,SAMPLE
1811,32,1767307050000,2026-01-01T22:37:30Z,SYNTHETIC_IMPORT,SAMPLE
1812,28,1767307095000,2026-01-01T22:38:15Z,SYNTHETIC_IMPORT,SAMPLE
1813,26,1767307140000,2026-01-01T22:39:00Z,SYNTHETIC_IMPORT,SAMPLE
1814,13,1767307185000,2026-01-01T22:39:45Z,SYNTHETIC_IMPORT,SAMPLE
1815,28,1767307230000,2026-01-01T22:40:30Z,SYNTHETIC_IMPORT,SAMPLE
1816,30,1767307275000,2026-01-01T22:41:15Z,SYNTHETIC_IMPORT,SAMPLE
1817,16,1767307320000,2026-01-01T22:42:00Z,SYNTHETIC_IMPORT,SAMPLE
1818,2,1767307365000,2026-01-01T22:42:45Z,SYNTHETIC_IMPORT,SAMPLE
1819,7,1767307410000,2026-01-01T22:43:30Z,SYNTHETIC_IMPORT,SAMPLE
1820,34,1767307455000,2026-01-01T22:44:15Z,SYNTHETIC_IMPORT,SAMPLE
1821,12,1767307500000,2026-01-01T22:45:00Z,SYNTHETIC_IMPORT,SAMPLE
1822,15,1767307545000,2026-01-01T22:45:45Z,SYNTHETIC_IMPORT,SAMPLE
1823,3,1767307590000,2026-01-01T22:46:30Z,SYNTHETIC_IMPORT,SAMPLE
1824,11,1767307635000,2026-01-01T22:47:15Z,SYNTHETIC_IMPORT,SAMPLE
1825,28,1767307680000,2026-01-01T22:48:00Z,SYNTHETIC_IMPORT,SAMPLE
1826,24,1767307725000,2026-01-01T22:48:45Z,SYNTHETIC_IMPORT,SAMPLE
1827,24,1767307770000,2026-01-01T22:49:30Z,SYNTHETIC_IMPORT,SAMPLE
1828,26,1767307815000,2026-01-01T22:50:15Z,SYNTHETIC_IMPORT,SAMPLE
1829,21,1767307860000,2026-01-01T22:51:00Z,SYNTHETIC_IMPORT,SAMPLE
1830,17,1767307905000,2026-01-01T22:51:45Z,SYNTHETIC_IMPORT,SAMPLE
1831,5,1767307950000,2026-01-01T22:52:30Z,SYNTHETIC_IMPORT,SAMPLE
1832,24,1767307995000,2026-01-01T22:53:15Z,SYNTHETIC_IMPORT,SAMPLE
1833,24,1767308040000,2026-01-01T22:54:00Z,SYNTHETIC_IMPORT,SAMPLE
1834,31,1767308085000,2026-01-01T22:54:45Z,SYNTHETIC_IMPORT,SAMPLE
1835,8,1767308130000,2026-01-01T22:55:30Z,SYNTHETIC_IMPORT,SAMPLE
1836,30,1767308175000,2026-01-01T22:56:15Z,SYNTHETIC_IMPORT,SAMPLE
1837,3,1767308220000,2026-01-01T22:57:00Z,SYNTHETIC_IMPORT,SAMPLE
1838,25,1767308265000,2026-01-01T22:57:45Z,SYNTHETIC_IMPORT,SAMPLE
1839,7,1767308310000,2026-01-01T22:58:30Z,SYNTHETIC_IMPORT,SAMPLE
1840,34,1767308355000,2026-01-01T22:59:15Z,SYNTHETIC_IMPORT,SAMPLE
1841,28,1767308400000,2026-01-01T23:00:00Z,SYNTHETIC_IMPORT,SAMPLE
1842,19,1767308445000,2026-01-01T23:00:45Z,SYNTHETIC_IMPORT,SAMPLE
1843,30,1767308490000,2026-01-01T23:01:30Z,SYNTHETIC_IMPORT,SAMPLE
1844,3,1767308535000,2026-01-01T23:02:15Z,SYNTHETIC_IMPORT,SAMPLE
1845,31,1767308580000,2026-01-01T23:03:00Z,SYNTHETIC_IMPORT,SAMPLE
1846,13,1767308625000,2026-01-01T23:03:45Z,SYNTHETIC_IMPORT,SAMPLE
1847,18,1767308670000,2026-01-01T23:04:30Z,SYNTHETIC_IMPORT,SAMPLE
1848,31,1767308715000,2026-01-01T23:05:15Z,SYNTHETIC_IMPORT,SAMPLE
1849,22,1767308760000,2026-01-01T23:06:00Z,SYNTHETIC_IMPORT,SAMPLE
1850,14,1767308805000,2026-01-01T23:06:45Z,SYNTHETIC_IMPORT,SAMPLE
1851,21,1767308850000,2026-01-01T23:07:30Z,SYNTHETIC_IMPORT,SAMPLE
1852,30,1767308895000,2026-01-01T23:08:15Z,SYNTHETIC_IMPORT,SAMPLE
1853,3,1767308940000,2026-01-01T23:09:00Z,SYNTHETIC_IMPORT,SAMPLE
1854,17,1767308985000,2026-01-01T23:09:45Z,SYNTHETIC_IMPORT,SAMPLE
1855,36,1767309030000,2026-01-01T23:10:30Z,SYNTHETIC_IMPORT,SAMPLE
1856,9,1767309075000,2026-01-01T23:11:15Z,SYNTHETIC_IMPORT,SAMPLE
1857,15,1767309120000,2026-01-01T23:12:00Z,SYNTHETIC_IMPORT,SAMPLE
1858,13,1767309165000,2026-01-01T23:12:45Z,SYNTHETIC_IMPORT,SAMPLE
1859,2,1767309210000,2026-01-01T23:13:30Z,SYNTHETIC_IMPORT,SAMPLE
1860,12,1767309255000,2026-01-01T23:14:15Z,SYNTHETIC_IMPORT,SAMPLE
1861,28,1767309300000,2026-01-01T23:15:00Z,SYNTHETIC_IMPORT,SAMPLE
1862,4,1767309345000,2026-01-01T23:15:45Z,SYNTHETIC_IMPORT,SAMPLE
1863,29,1767309390000,2026-01-01T23:16:30Z,SYNTHETIC_IMPORT,SAMPLE
1864,35,1767309435000,2026-01-01T23:17:15Z,SYNTHETIC_IMPORT,SAMPLE
1865,4,1767309480000,2026-01-01T23:18:00Z,SYNTHETIC_IMPORT,SAMPLE
1866,27,1767309525000,2026-01-01T23:18:45Z,SYNTHETIC_IMPORT,SAMPLE
1867,20,1767309570000,2026-01-01T23:19:30Z,SYNTHETIC_IMPORT,SAMPLE
1868,19,1767309615000,2026-01-01T23:20:15Z,SYNTHETIC_IMPORT,SAMPLE
1869,11,1767309660000,2026-01-01T23:21:00Z,SYNTHETIC_IMPORT,SAMPLE
1870,20,1767309705000,2026-01-01T23:21:45Z,SYNTHETIC_IMPORT,SAMPLE
1871,21,1767309750000,2026-01-01T23:22:30Z,SYNTHETIC_IMPORT,SAMPLE
1872,12,1767309795000,2026-01-01T23:23:15Z,SYNTHETIC_IMPORT,SAMPLE
1873,5,1767309840000,2026-01-01T23:24:00Z,SYNTHETIC_IMPORT,SAMPLE
1874,9,1767309885000,2026-01-01T23:24:45Z,SYNTHETIC_IMPORT,SAMPLE
1875,16,1767309930000,2026-01-01T23:25:30Z,SYNTHETIC_IMPORT,SAMPLE
1876,33,1767309975000,2026-01-01T23:26:15Z,SYNTHETIC_IMPORT,SAMPLE
1877,4,1767310020000,2026-01-01T23:27:00Z,SYNTHETIC_IMPORT,SAMPLE
1878,12,1767310065000,2026-01-01T23:27:45Z,SYNTHETIC_IMPORT,SAMPLE
1879,19,1767310110000,2026-01-01T23:28:30Z,SYNTHETIC_IMPORT,SAMPLE
1880,36,1767310155000,2026-01-01T23:29:15Z,SYNTHETIC_IMPORT,SAMPLE
1881,13,1767310200000,2026-01-01T23:30:00Z,SYNTHETIC_IMPORT,SAMPLE
1882,15,1767310245000,2026-01-01T23:30:45Z,SYNTHETIC_IMPORT,SAMPLE
1883,29,1767310290000,2026-01-01T23:31:30Z,SYNTHETIC_IMPORT,SAMPLE
1884,32,1767310335000,2026-01-01T23:32:15Z,SYNTHETIC_IMPORT,SAMPLE
1885,15,1767310380000,2026-01-01T23:33:00Z,SYNTHETIC_IMPORT,SAMPLE
1886,4,1767310425000,2026-01-01T23:33:45Z,SYNTHETIC_IMPORT,SAMPLE
1887,23,1767310470000,2026-01-01T23:34:30Z,SYNTHETIC_IMPORT,SAMPLE
1888,36,1767310515000,2026-01-01T23:35:15Z,SYNTHETIC_IMPORT,SAMPLE
1889,10,1767310560000,2026-01-01T23:36:00Z,SYNTHETIC_IMPORT,SAMPLE
1890,32,1767310605000,2026-01-01T23:36:45Z,SYNTHETIC_IMPORT,SAMPLE
1891,27,1767310650000,2026-01-01T23:37:30Z,SYNTHETIC_IMPORT,SAMPLE
1892,1,1767310695000,2026-01-01T23:38:15Z,SYNTHETIC_IMPORT,SAMPLE
1893,24,1767310740000,2026-01-01T23:39:00Z,SYNTHETIC_IMPORT,SAMPLE
1894,1,1767310785000,2026-01-01T23:39:45Z,SYNTHETIC_IMPORT,SAMPLE
1895,25,1767310830000,2026-01-01T23:40:30Z,SYNTHETIC_IMPORT,SAMPLE
1896,20,1767310875000,2026-01-01T23:41:15Z,SYNTHETIC_IMPORT,SAMPLE
1897,20,1767310920000,2026-01-01T23:42:00Z,SYNTHETIC_IMPORT,SAMPLE
1898,15,1767310965000,2026-01-01T23:42:45Z,SYNTHETIC_IMPORT,SAMPLE
1899,0,1767311010000,2026-01-01T23:43:30Z,SYNTHETIC_IMPORT,SAMPLE
1900,32,1767311055000,2026-01-01T23:44:15Z,SYNTHETIC_IMPORT,SAMPLE
1901,3,1767311100000,2026-01-01T23:45:00Z,SYNTHETIC_IMPORT,SAMPLE
1902,20,1767311145000,2026-01-01T23:45:45Z,SYNTHETIC_IMPORT,SAMPLE
1903,7,1767311190000,2026-01-01T23:46:30Z,SYNTHETIC_IMPORT,SAMPLE
1904,7,1767311235000,2026-01-01T23:47:15Z,SYNTHETIC_IMPORT,SAMPLE
1905,10,1767311280000,2026-01-01T23:48:00Z,SYNTHETIC_IMPORT,SAMPLE
1906,17,1767311325000,2026-01-01T23:48:45Z,SYNTHETIC_IMPORT,SAMPLE
1907,31,1767311370000,2026-01-01T23:49:30Z,SYNTHETIC_IMPORT,SAMPLE
1908,15,1767311415000,2026-01-01T23:50:15Z,SYNTHETIC_IMPORT,SAMPLE
1909,26,1767311460000,2026-01-01T23:51:00Z,SYNTHETIC_IMPORT,SAMPLE
1910,4,1767311505000,2026-01-01T23:51:45Z,SYNTHETIC_IMPORT,SAMPLE
1911,15,1767311550000,2026-01-01T23:52:30Z,SYNTHETIC_IMPORT,SAMPLE
1912,17,1767311595000,2026-01-01T23:53:15Z,SYNTHETIC_IMPORT,SAMPLE
1913,25,1767311640000,2026-01-01T23:54:00Z,SYNTHETIC_IMPORT,SAMPLE
1914,16,1767311685000,2026-01-01T23:54:45Z,SYNTHETIC_IMPORT,SAMPLE
1915,27,1767311730000,2026-01-01T23:55:30Z,SYNTHETIC_IMPORT,SAMPLE
1916,6,1767311775000,2026-01-01T23:56:15Z,SYNTHETIC_IMPORT,SAMPLE
1917,14,1767311820000,2026-01-01T23:57:00Z,SYNTHETIC_IMPORT,SAMPLE
1918,18,1767311865000,2026-01-01T23:57:45Z,SYNTHETIC_IMPORT,SAMPLE
1919,9,1767311910000,2026-01-01T23:58:30Z,SYNTHETIC_IMPORT,SAMPLE
1920,11,1767311955000,2026-01-01T23:59:15Z,SYNTHETIC_IMPORT,SAMPLE
1921,22,1767312000000,2026-01-02T00:00:00Z,SYNTHETIC_IMPORT,SAMPLE
1922,16,1767312045000,2026-01-02T00:00:45Z,SYNTHETIC_IMPORT,SAMPLE
1923,3,1767312090000,2026-01-02T00:01:30Z,SYNTHETIC_IMPORT,SAMPLE
1924,0,1767312135000,2026-01-02T00:02:15Z,SYNTHETIC_IMPORT,SAMPLE
1925,1,1767312180000,2026-01-02T00:03:00Z,SYNTHETIC_IMPORT,SAMPLE
1926,1,1767312225000,2026-01-02T00:03:45Z,SYNTHETIC_IMPORT,SAMPLE
1927,4,1767312270000,2026-01-02T00:04:30Z,SYNTHETIC_IMPORT,SAMPLE
1928,35,1767312315000,2026-01-02T00:05:15Z,SYNTHETIC_IMPORT,SAMPLE
1929,27,1767312360000,2026-01-02T00:06:00Z,SYNTHETIC_IMPORT,SAMPLE
1930,36,1767312405000,2026-01-02T00:06:45Z,SYNTHETIC_IMPORT,SAMPLE
1931,35,1767312450000,2026-01-02T00:07:30Z,SYNTHETIC_IMPORT,SAMPLE
1932,14,1767312495000,2026-01-02T00:08:15Z,SYNTHETIC_IMPORT,SAMPLE
1933,36,1767312540000,2026-01-02T00:09:00Z,SYNTHETIC_IMPORT,SAMPLE
1934,21,1767312585000,2026-01-02T00:09:45Z,SYNTHETIC_IMPORT,SAMPLE
1935,9,1767312630000,2026-01-02T00:10:30Z,SYNTHETIC_IMPORT,SAMPLE
1936,8,1767312675000,2026-01-02T00:11:15Z,SYNTHETIC_IMPORT,SAMPLE
1937,19,1767312720000,2026-01-02T00:12:00Z,SYNTHETIC_IMPORT,SAMPLE
1938,36,1767312765000,2026-01-02T00:12:45Z,SYNTHETIC_IMPORT,SAMPLE
1939,23,1767312810000,2026-01-02T00:13:30Z,SYNTHETIC_IMPORT,SAMPLE
1940,32,1767312855000,2026-01-02T00:14:15Z,SYNTHETIC_IMPORT,SAMPLE
1941,1,1767312900000,2026-01-02T00:15:00Z,SYNTHETIC_IMPORT,SAMPLE
1942,0,1767312945000,2026-01-02T00:15:45Z,SYNTHETIC_IMPORT,SAMPLE
1943,24,1767312990000,2026-01-02T00:16:30Z,SYNTHETIC_IMPORT,SAMPLE
1944,3,1767313035000,2026-01-02T00:17:15Z,SYNTHETIC_IMPORT,SAMPLE
1945,35,1767313080000,2026-01-02T00:18:00Z,SYNTHETIC_IMPORT,SAMPLE
1946,16,1767313125000,2026-01-02T00:18:45Z,SYNTHETIC_IMPORT,SAMPLE
1947,11,1767313170000,2026-01-02T00:19:30Z,SYNTHETIC_IMPORT,SAMPLE
1948,32,1767313215000,2026-01-02T00:20:15Z,SYNTHETIC_IMPORT,SAMPLE
1949,32,1767313260000,2026-01-02T00:21:00Z,SYNTHETIC_IMPORT,SAMPLE
1950,28,1767313305000,2026-01-02T00:21:45Z,SYNTHETIC_IMPORT,SAMPLE
1951,18,1767313350000,2026-01-02T00:22:30Z,SYNTHETIC_IMPORT,SAMPLE
1952,15,1767313395000,2026-01-02T00:23:15Z,SYNTHETIC_IMPORT,SAMPLE
1953,36,1767313440000,2026-01-02T00:24:00Z,SYNTHETIC_IMPORT,SAMPLE
1954,32,1767313485000,2026-01-02T00:24:45Z,SYNTHETIC_IMPORT,SAMPLE
1955,9,1767313530000,2026-01-02T00:25:30Z,SYNTHETIC_IMPORT,SAMPLE
1956,5,1767313575000,2026-01-02T00:26:15Z,SYNTHETIC_IMPORT,SAMPLE
1957,14,1767313620000,2026-01-02T00:27:00Z,SYNTHETIC_IMPORT,SAMPLE
1958,12,1767313665000,2026-01-02T00:27:45Z,SYNTHETIC_IMPORT,SAMPLE
1959,29,1767313710000,2026-01-02T00:28:30Z,SYNTHETIC_IMPORT,SAMPLE
1960,35,1767313755000,2026-01-02T00:29:15Z,SYNTHETIC_IMPORT,SAMPLE
1961,11,1767313800000,2026-01-02T00:30:00Z,SYNTHETIC_IMPORT,SAMPLE
1962,29,1767313845000,2026-01-02T00:30:45Z,SYNTHETIC_IMPORT,SAMPLE
1963,36,1767313890000,2026-01-02T00:31:30Z,SYNTHETIC_IMPORT,SAMPLE
1964,28,1767313935000,2026-01-02T00:32:15Z,SYNTHETIC_IMPORT,SAMPLE
1965,2,1767313980000,2026-01-02T00:33:00Z,SYNTHETIC_IMPORT,SAMPLE
1966,10,1767314025000,2026-01-02T00:33:45Z,SYNTHETIC_IMPORT,SAMPLE
1967,4,1767314070000,2026-01-02T00:34:30Z,SYNTHETIC_IMPORT,SAMPLE
1968,24,1767314115000,2026-01-02T00:35:15Z,SYNTHETIC_IMPORT,SAMPLE
1969,6,1767314160000,2026-01-02T00:36:00Z,SYNTHETIC_IMPORT,SAMPLE
1970,11,1767314205000,2026-01-02T00:36:45Z,SYNTHETIC_IMPORT,SAMPLE
1971,5,1767314250000,2026-01-02T00:37:30Z,SYNTHETIC_IMPORT,SAMPLE
1972,22,1767314295000,2026-01-02T00:38:15Z,SYNTHETIC_IMPORT,SAMPLE
1973,18,1767314340000,2026-01-02T00:39:00Z,SYNTHETIC_IMPORT,SAMPLE
1974,6,1767314385000,2026-01-02T00:39:45Z,SYNTHETIC_IMPORT,SAMPLE
1975,4,1767314430000,2026-01-02T00:40:30Z,SYNTHETIC_IMPORT,SAMPLE
1976,4,1767314475000,2026-01-02T00:41:15Z,SYNTHETIC_IMPORT,SAMPLE
1977,11,1767314520000,2026-01-02T00:42:00Z,SYNTHETIC_IMPORT,SAMPLE
1978,31,1767314565000,2026-01-02T00:42:45Z,SYNTHETIC_IMPORT,SAMPLE
1979,7,1767314610000,2026-01-02T00:43:30Z,SYNTHETIC_IMPORT,SAMPLE
1980,17,1767314655000,2026-01-02T00:44:15Z,SYNTHETIC_IMPORT,SAMPLE
1981,29,1767314700000,2026-01-02T00:45:00Z,SYNTHETIC_IMPORT,SAMPLE
1982,22,1767314745000,2026-01-02T00:45:45Z,SYNTHETIC_IMPORT,SAMPLE
1983,30,1767314790000,2026-01-02T00:46:30Z,SYNTHETIC_IMPORT,SAMPLE
1984,31,1767314835000,2026-01-02T00:47:15Z,SYNTHETIC_IMPORT,SAMPLE
1985,33,1767314880000,2026-01-02T00:48:00Z,SYNTHETIC_IMPORT,SAMPLE
1986,21,1767314925000,2026-01-02T00:48:45Z,SYNTHETIC_IMPORT,SAMPLE
1987,33,1767314970000,2026-01-02T00:49:30Z,SYNTHETIC_IMPORT,SAMPLE
1988,29,1767315015000,2026-01-02T00:50:15Z,SYNTHETIC_IMPORT,SAMPLE
1989,34,1767315060000,2026-01-02T00:51:00Z,SYNTHETIC_IMPORT,SAMPLE
1990,10,1767315105000,2026-01-02T00:51:45Z,SYNTHETIC_IMPORT,SAMPLE
1991,18,1767315150000,2026-01-02T00:52:30Z,SYNTHETIC_IMPORT,SAMPLE
1992,29,1767315195000,2026-01-02T00:53:15Z,SYNTHETIC_IMPORT,SAMPLE
1993,0,1767315240000,2026-01-02T00:54:00Z,SYNTHETIC_IMPORT,SAMPLE
1994,30,1767315285000,2026-01-02T00:54:45Z,SYNTHETIC_IMPORT,SAMPLE
1995,12,1767315330000,2026-01-02T00:55:30Z,SYNTHETIC_IMPORT,SAMPLE
1996,24,1767315375000,2026-01-02T00:56:15Z,SYNTHETIC_IMPORT,SAMPLE
1997,9,1767315420000,2026-01-02T00:57:00Z,SYNTHETIC_IMPORT,SAMPLE
1998,36,1767315465000,2026-01-02T00:57:45Z,SYNTHETIC_IMPORT,SAMPLE
1999,21,1767315510000,2026-01-02T00:58:30Z,SYNTHETIC_IMPORT,SAMPLE
2000,6,1767315555000,2026-01-02T00:59:15Z,SYNTHETIC_IMPORT,SAMPLE
